,Eg,FWHM,Eff_tot,FE,SE,DE,c511
0,60.0,6.1975,0.69816,173600.0,0.0,0.0,0.0
1,70.0,5.4571,0.8006,181850.0,0.0,0.0,0.0
2,80.0,4.8998,0.87478,192530.0,0.0,0.0,0.0
3,90.0,4.4647,0.92917,194590.0,0.0,0.0,0.0
4,100.0,4.1153,0.96937,194970.0,0.0,0.0,0.0
5,110.0,3.8283,1.0005,195250.0,0.0,0.0,0.0
6,120.0,3.5881,1.0239,194780.0,0.0,0.0,0.0
7,130.0,3.384,1.0444,194660.0,0.0,0.0,0.0
8,140.0,3.2084,1.0582,194740.0,0.0,0.0,0.0
9,150.0,3.0555,1.0711,194100.0,0.0,0.0,0.0
10,160.0,2.9212,1.079,193580.0,0.0,0.0,0.0
11,170.0,2.8021,1.0858,192520.0,0.0,0.0,0.0
12,180.0,2.6959,1.0911,192240.0,0.0,0.0,0.0
13,190.0,2.6004,1.0956,191300.0,0.0,0.0,0.0
14,200.0,2.5141,1.1001,190030.0,0.0,0.0,0.0
15,210.0,2.4357,1.1046,189620.0,0.0,0.0,0.0
16,220.0,2.3641,1.1071,188620.0,0.0,0.0,0.0
17,230.0,2.2985,1.1083,186920.0,0.0,0.0,0.0
18,240.0,2.2381,1.1085,185600.0,0.0,0.0,0.0
19,250.0,2.1823,1.1099,184480.0,0.0,0.0,0.0
20,260.0,2.1306,1.11,183140.0,0.0,0.0,0.0
21,270.0,2.0826,1.111,182020.0,0.0,0.0,0.0
22,280.0,2.0377,1.1089,180510.0,0.0,0.0,0.0
23,290.0,1.9959,1.113,179690.0,0.0,0.0,0.0
24,300.0,1.9566,1.1128,178410.0,0.0,0.0,0.0
25,310.0,1.9198,1.1125,177320.0,0.0,0.0,0.0
26,320.0,1.8851,1.1125,176010.0,0.0,0.0,0.0
27,330.0,1.8524,1.1144,175800.0,0.0,0.0,0.0
28,340.0,1.8215,1.1138,173790.0,0.0,0.0,0.0
29,350.0,1.7923,1.1118,172370.0,0.0,0.0,0.0
30,360.0,1.7646,1.1122,171600.0,0.0,0.0,0.0
31,370.0,1.7383,1.109,170430.0,0.0,0.0,0.0
32,380.0,1.7133,1.1118,170010.0,0.0,0.0,0.0
33,390.0,1.6895,1.1083,168240.0,0.0,0.0,0.0
34,400.0,1.6668,1.1102,167890.0,0.0,0.0,0.0
35,410.0,1.6451,1.11,166400.0,0.0,0.0,0.0
36,420.0,1.6245,1.1085,165820.0,0.0,0.0,0.0
37,430.0,1.6047,1.1071,164460.0,0.0,0.0,0.0
38,440.0,1.5857,1.1052,163930.0,0.0,0.0,0.0
39,450.0,1.5675,1.1055,163260.0,0.0,0.0,0.0
40,460.0,1.5501,1.1045,162500.0,0.0,0.0,0.0
41,470.0,1.5334,1.1065,162110.0,0.0,0.0,0.0
42,480.0,1.5173,1.1023,160820.0,0.0,0.0,0.0
43,490.0,1.5018,1.1009,160170.0,0.0,0.0,0.0
44,500.0,1.4869,1.0994,159980.0,0.0,0.0,0.0
45,510.0,1.4725,1.1023,158990.0,0.0,0.0,0.0
46,520.0,1.4587,1.0992,158180.0,0.0,0.0,0.0
47,530.0,1.4453,1.098,157860.0,0.0,0.0,0.0
48,540.0,1.4324,1.0943,157180.0,0.0,0.0,0.0
49,550.0,1.4199,1.0952,156440.0,0.0,0.0,0.0
50,560.0,1.4079,1.0932,156350.0,0.0,0.0,0.0
51,570.0,1.3962,1.0903,155200.0,0.0,0.0,0.0
52,580.0,1.3849,1.0906,155300.0,0.0,0.0,0.0
53,590.0,1.374,1.091,154800.0,0.0,0.0,0.0
54,600.0,1.3634,1.0894,153950.0,0.0,0.0,0.0
55,610.0,1.3531,1.0887,153820.0,0.0,0.0,0.0
56,620.0,1.3431,1.0867,153540.0,0.0,0.0,0.0
57,630.0,1.3334,1.0846,153260.0,0.0,0.0,0.0
58,640.0,1.324,1.0865,152200.0,0.0,0.0,0.0
59,650.0,1.3149,1.0831,152080.0,0.0,0.0,0.0
60,660.0,1.306,1.0834,151620.0,0.0,0.0,0.0
61,670.0,1.2974,1.0814,151940.0,0.0,0.0,0.0
62,680.0,1.289,1.0793,150610.0,0.0,0.0,0.0
63,690.0,1.2808,1.0766,150290.0,0.0,0.0,0.0
64,700.0,1.2728,1.0773,150380.0,0.0,0.0,0.0
65,710.0,1.2651,1.0737,149710.0,0.0,0.0,0.0
66,720.0,1.2575,1.0743,150030.0,0.0,0.0,0.0
67,730.0,1.2502,1.0716,148730.0,0.0,0.0,0.0
68,740.0,1.243,1.0676,149110.0,0.0,0.0,0.0
69,750.0,1.236,1.0687,148830.0,0.0,0.0,0.0
70,760.0,1.2291,1.0679,148820.0,0.0,0.0,0.0
71,770.0,1.2225,1.0669,148120.0,0.0,0.0,0.0
72,780.0,1.2159,1.0659,147990.0,0.0,0.0,0.0
73,790.0,1.2096,1.0632,147490.0,0.0,0.0,0.0
74,800.0,1.2034,1.0635,147720.0,0.0,0.0,0.0
75,810.0,1.1973,1.0629,147070.0,0.0,0.0,0.0
76,820.0,1.1914,1.0597,146940.0,0.0,0.0,0.0
77,830.0,1.1855,1.0601,146960.0,0.0,0.0,0.0
78,840.0,1.1799,1.0578,146330.0,0.0,0.0,0.0
79,850.0,1.1743,1.0582,146800.0,0.0,0.0,0.0
80,860.0,1.1689,1.0568,145780.0,0.0,0.0,0.0
81,870.0,1.1636,1.0553,145970.0,0.0,0.0,0.0
82,880.0,1.1583,1.0516,145580.0,0.0,0.0,0.0
83,890.0,1.1532,1.0509,145460.0,0.0,0.0,0.0
84,900.0,1.1482,1.0497,145740.0,0.0,0.0,0.0
85,910.0,1.1433,1.0475,145400.0,0.0,0.0,0.0
86,920.0,1.1385,1.0466,145080.0,0.0,0.0,0.0
87,930.0,1.1338,1.0461,145200.0,0.0,0.0,0.0
88,940.0,1.1292,1.043,144940.0,0.0,0.0,0.0
89,950.0,1.1247,1.0431,145660.0,0.0,0.0,0.0
90,960.0,1.1203,1.0392,144380.0,0.0,0.0,0.0
91,970.0,1.1159,1.0405,145210.0,0.0,0.0,0.0
92,980.0,1.1116,1.0387,144590.0,0.0,0.0,0.0
93,990.0,1.1075,1.0362,143790.0,0.0,0.0,0.0
94,1000.0,1.1033,1.0365,143840.0,0.0,0.0,0.0
95,1010.0,1.0993,1.0352,143880.0,0.0,0.0,0.0
96,1020.0,1.0953,1.0348,144370.0,0.0,0.0,0.0
97,1030.0,1.0914,1.0334,144030.0,1480.0,853.0,1457.0
98,1040.0,1.0876,1.0315,143740.0,1475.5,995.0,1482.5
99,1050.0,1.0839,1.03,143450.0,1433.5,983.5,1474.5
100,1060.0,1.0802,1.0297,143510.0,1392.5,1164.0,1474.0
101,1070.0,1.0765,1.0297,143930.0,1435.5,1335.5,1371.0
102,1080.0,1.073,1.0279,143150.0,1450.0,1846.5,1451.0
103,1090.0,1.0695,1.0269,143950.0,1305.0,2605.0,1439.5
104,1100.0,1.066,1.0248,143650.0,1319.0,3018.5,1390.0
105,1110.0,1.0626,1.0231,143580.0,1315.0,3479.0,1393.0
106,1120.0,1.0593,1.02,142740.0,1336.0,3715.5,1333.0
107,1130.0,1.056,1.0187,142900.0,1378.0,3743.5,1390.5
108,1140.0,1.0528,1.0205,142900.0,1355.5,3841.0,1528.5
109,1150.0,1.0496,1.0197,143210.0,1286.0,4255.0,1397.0
110,1160.0,1.0465,1.0174,142660.0,1268.0,4239.5,1311.5
111,1170.0,1.0434,1.0151,142370.0,1389.5,4138.5,1433.0
112,1180.0,1.0404,1.0142,142730.0,1365.5,3936.5,1309.0
113,1190.0,1.0374,1.013,142730.0,1286.0,3801.0,1336.5
114,1200.0,1.0344,1.0114,142260.0,1263.5,3949.0,1337.0
115,1210.0,1.0316,1.0127,143090.0,1317.0,3826.0,1393.0
116,1220.0,1.0287,1.0125,142390.0,1290.0,3534.0,1402.5
117,1230.0,1.0259,1.0094,142320.0,1401.0,3778.0,1451.5
118,1240.0,1.0231,1.0079,141650.0,1377.0,4757.0,1449.0
119,1250.0,1.0204,1.0105,142210.0,1425.0,4522.0,1501.5
120,1260.0,1.0177,1.0056,142340.0,1452.0,4342.5,1458.0
121,1270.0,1.0151,1.0067,141140.0,1417.5,3951.5,1492.0
122,1280.0,1.0125,1.0057,142590.0,1534.0,3852.0,1542.5
123,1290.0,1.0099,1.0062,142360.0,1578.0,3716.5,1551.5
124,1300.0,1.0074,1.003,140930.0,1523.0,3161.0,1485.0
125,1310.0,1.0049,1.0029,142210.0,1665.5,3114.5,1579.0
126,1320.0,1.0024,1.0022,141460.0,1601.0,2779.0,1513.0
127,1330.0,1.0,1.0,141760.0,1656.5,2520.5,1641.0
128,1340.0,0.99761,0.99859,141110.0,1634.0,2566.5,1646.5
129,1350.0,0.99525,0.99825,141430.0,1699.5,2365.0,1679.0
130,1360.0,0.99292,0.99795,141310.0,1786.5,2204.0,1718.0
131,1370.0,0.99062,0.997,140440.0,1814.0,2176.0,1668.5
132,1380.0,0.98835,0.99494,141340.0,1763.0,2017.0,1614.0
133,1390.0,0.98612,0.99589,141340.0,1806.0,1906.0,1731.0
134,1400.0,0.98391,0.99177,140790.0,1916.0,1848.0,1751.0
135,1410.0,0.98173,0.99175,141270.0,2042.5,2049.0,1881.5
136,1420.0,0.97958,0.99259,141080.0,1980.5,1779.5,1848.5
137,1430.0,0.97746,0.98998,141250.0,2089.0,1894.0,1791.5
138,1440.0,0.97536,0.98899,140800.0,2178.0,1741.5,1871.5
139,1450.0,0.9733,0.99054,141170.0,2305.5,1744.5,1889.5
140,1460.0,0.97126,0.98953,141400.0,2340.0,1724.0,1936.0
141,1470.0,0.96924,0.98809,141270.0,2321.5,1681.0,1895.5
142,1480.0,0.96725,0.98544,140900.0,2442.5,1603.5,1961.5
143,1490.0,0.96528,0.98676,141090.0,2541.0,1599.0,1974.5
144,1500.0,0.96334,0.98611,140250.0,2596.5,1506.5,2196.5
145,1510.0,0.96142,0.98598,140610.0,2653.5,1464.5,2120.0
146,1520.0,0.95953,0.98692,140190.0,2718.0,1450.0,2200.5
147,1530.0,0.95766,0.98834,141620.0,2801.0,2536.0,2496.0
148,1540.0,0.95581,0.98357,139940.0,2831.5,793.5,2231.0
149,1550.0,0.95398,0.9828,140700.0,2973.5,1359.0,2306.0
150,1560.0,0.95217,0.98092,140640.0,2961.0,1405.5,2446.5
151,1570.0,0.95039,0.98114,140230.0,3070.0,1399.5,2408.0
152,1580.0,0.94863,0.98092,141150.0,3099.5,1382.0,2370.0
153,1590.0,0.94688,0.97778,140110.0,3229.5,1442.0,2522.5
154,1600.0,0.94516,0.97976,140350.0,3325.5,1349.5,2460.5
155,1610.0,0.94346,0.97868,140940.0,3331.5,1405.5,2460.0
156,1620.0,0.94177,0.97931,140750.0,3465.5,1306.0,2627.5
157,1630.0,0.94011,0.9776,140390.0,3418.5,1340.0,2679.0
158,1640.0,0.93846,0.97858,140440.0,3730.5,1398.5,2662.5
159,1650.0,0.93684,0.97587,140340.0,3651.0,1317.5,2687.0
160,1660.0,0.93523,0.97614,140560.0,3738.0,1312.5,2825.0
161,1670.0,0.93364,0.97593,139980.0,3799.0,1402.5,2871.5
162,1680.0,0.93206,0.97292,139400.0,3911.0,1338.0,2905.0
163,1690.0,0.93051,0.97355,140060.0,4103.0,1324.5,2959.0
164,1700.0,0.92897,0.97273,140240.0,4109.0,1288.5,3081.5
165,1710.0,0.92745,0.97286,139630.0,4169.5,1276.0,3088.0
166,1720.0,0.92594,0.97218,139280.0,4429.5,1358.5,3357.0
167,1730.0,0.92445,0.97333,140320.0,4377.5,1421.5,3126.0
168,1740.0,0.92298,0.97099,139670.0,4637.0,1368.0,3227.5
169,1750.0,0.92152,0.97291,140090.0,4501.0,1462.0,3394.5
170,1760.0,0.92008,0.97048,139500.0,4565.0,1343.5,3409.5
171,1770.0,0.91865,0.96991,139710.0,4817.5,1440.0,3553.0
172,1780.0,0.91724,0.96935,139260.0,4846.0,1264.0,3325.5
173,1790.0,0.91584,0.96908,139670.0,5070.0,1367.0,3774.0
174,1800.0,0.91445,0.97003,140250.0,5118.5,1460.5,3701.0
175,1810.0,0.91308,0.96744,139030.0,5193.5,1441.0,3710.5
176,1820.0,0.91173,0.96828,139480.0,5153.5,1425.0,3862.5
177,1830.0,0.91039,0.96796,139240.0,5446.5,1450.5,3912.5
178,1840.0,0.90906,0.96864,139160.0,5613.5,1425.0,3917.5
179,1850.0,0.90774,0.96753,139520.0,5725.0,1534.0,3934.0
180,1860.0,0.90644,0.96716,139160.0,5830.0,1483.5,4165.0
181,1870.0,0.90515,0.96607,139820.0,5889.0,1458.0,4211.5
182,1880.0,0.90388,0.9656,139000.0,5978.5,1536.5,4226.5
183,1890.0,0.90261,0.96395,140070.0,6096.5,1493.0,4301.5
184,1900.0,0.90136,0.9653,139220.0,6172.5,1518.0,4393.5
185,1910.0,0.90012,0.96466,138700.0,6338.5,1607.5,4565.5
186,1920.0,0.8989,0.96614,139900.0,6618.0,1508.0,4632.0
187,1930.0,0.89768,0.96459,139420.0,6579.5,1593.5,4635.0
188,1940.0,0.89648,0.96677,139680.0,6765.0,1663.5,4539.5
189,1950.0,0.89529,0.96452,138960.0,6851.5,1637.0,4903.5
190,1960.0,0.89411,0.96436,139140.0,6758.5,1502.0,4792.5
191,1970.0,0.89294,0.96324,138980.0,7052.5,1607.0,4842.5
192,1980.0,0.89178,0.96435,138760.0,7010.5,1727.0,4938.5
193,1990.0,0.89063,0.9623,138810.0,7212.0,1574.5,5075.0
194,2000.0,0.88949,0.96216,138880.0,7409.5,1769.0,5227.0
195,2010.0,0.88837,0.96442,138620.0,7528.5,1764.5,5292.0
196,2020.0,0.88725,0.96243,139390.0,7795.5,1665.0,5321.0
197,2030.0,0.88615,0.96257,138720.0,7881.0,1751.0,5317.5
198,2040.0,0.88505,0.96244,139050.0,7679.0,1881.5,5389.5
199,2050.0,0.88396,0.96123,138840.0,8060.5,1673.5,5360.0
200,2060.0,0.88289,0.96155,139500.0,8208.0,1797.5,5490.0
201,2070.0,0.88182,0.96126,138890.0,8204.0,1753.5,5705.5
202,2080.0,0.88077,0.96177,139080.0,8262.5,1848.5,5630.5
203,2090.0,0.87972,0.96067,138780.0,8597.0,1835.5,5841.0
204,2100.0,0.87868,0.96018,138620.0,8634.5,1817.5,6026.0
205,2110.0,0.87765,0.95991,138820.0,8947.5,1851.0,6195.0
206,2120.0,0.87663,0.95914,139490.0,9067.0,1844.5,6033.0
207,2130.0,0.87562,0.96008,139150.0,9031.0,1972.5,6264.0
208,2140.0,0.87462,0.95819,138790.0,9108.0,1920.0,6257.5
209,2150.0,0.87363,0.95908,138550.0,9340.5,1892.0,6347.5
210,2160.0,0.87264,0.96025,138900.0,9380.5,1965.5,6476.5
211,2170.0,0.87167,0.95902,138590.0,9656.0,2048.0,6614.5
212,2180.0,0.8707,0.95753,138070.0,9713.0,1996.5,6681.5
213,2190.0,0.86974,0.95668,138430.0,9802.5,1986.0,6612.0
214,2200.0,0.86879,0.95863,138470.0,9810.0,2065.0,6885.0
215,2210.0,0.86784,0.95632,138250.0,10070.0,1996.5,6731.0
216,2220.0,0.86691,0.95855,138610.0,10283.0,2032.5,7112.5
217,2230.0,0.86598,0.95885,138620.0,10220.0,2056.5,7016.5
218,2240.0,0.86506,0.95777,138380.0,10617.0,2101.0,7294.0
219,2250.0,0.86415,0.95833,138690.0,10488.0,2064.0,7207.0
220,2260.0,0.86324,0.95739,139150.0,10634.0,2186.0,7387.5
221,2270.0,0.86235,0.95785,138460.0,11022.0,2225.0,7358.0
222,2280.0,0.86146,0.95693,138020.0,11096.0,2156.0,7585.5
223,2290.0,0.86057,0.9564,138160.0,11198.0,2247.0,7752.5
224,2300.0,0.8597,0.95618,138080.0,11472.0,2118.5,7736.0
225,2310.0,0.85883,0.9585,138710.0,11470.0,2222.0,7935.5
226,2320.0,0.85797,0.95752,138090.0,11741.0,2275.0,8003.5
227,2330.0,0.85712,0.95824,138650.0,11684.0,2197.0,8016.0
228,2340.0,0.85627,0.95515,137920.0,11855.0,2274.0,8066.5
229,2350.0,0.85543,0.95687,138750.0,12088.0,2246.0,8168.5
230,2360.0,0.85459,0.95738,138240.0,12267.0,2277.5,8151.0
231,2370.0,0.85377,0.95821,137720.0,12447.0,2399.0,8549.0
232,2380.0,0.85294,0.95624,138740.0,12347.0,2328.0,8338.5
233,2390.0,0.85213,0.95516,137570.0,12616.0,2376.0,8645.5
234,2400.0,0.85132,0.9584,138530.0,12802.0,2489.0,8753.5
235,2410.0,0.85052,0.95713,138260.0,12934.0,2492.5,8900.0
236,2420.0,0.84972,0.95601,137980.0,12938.0,2434.0,8826.5
237,2430.0,0.84893,0.95539,138240.0,13256.0,2407.0,9046.0
238,2440.0,0.84815,0.95685,138200.0,13388.0,2489.5,9053.5
239,2450.0,0.84737,0.95556,137990.0,13566.0,2490.5,9136.5
240,2460.0,0.8466,0.95817,138230.0,13664.0,2588.0,9576.5
241,2470.0,0.84584,0.95696,138330.0,13702.0,2594.5,9331.0
242,2480.0,0.84508,0.95569,137840.0,14042.0,2566.5,9544.5
243,2490.0,0.84432,0.95676,138450.0,14008.0,2603.0,9457.0
244,2500.0,0.84357,0.95709,137900.0,14181.0,2639.5,9852.0
245,2510.0,0.84283,0.95824,138440.0,14490.0,2663.0,9898.5
246,2520.0,0.84209,0.95833,138220.0,14351.0,2692.0,10020.0
247,2530.0,0.84136,0.95824,138370.0,14510.0,2662.5,9948.0
248,2540.0,0.84063,0.95814,137980.0,15080.0,2699.0,10406.0
249,2550.0,0.83991,0.95687,137740.0,14930.0,2824.0,10152.0
250,2560.0,0.8392,0.95935,138610.0,15070.0,2788.0,10451.0
251,2570.0,0.83849,0.95897,138210.0,15330.0,2773.5,10514.0
252,2580.0,0.83778,0.95761,137920.0,15434.0,2835.0,10489.0
253,2590.0,0.83708,0.95669,138020.0,15730.0,2738.5,10779.0
254,2600.0,0.83638,0.95713,138530.0,15730.0,2795.5,10808.0
255,2610.0,0.83569,0.95705,138420.0,15781.0,2834.0,11026.0
256,2620.0,0.83501,0.95756,138430.0,16110.0,2986.5,10984.0
257,2630.0,0.83433,0.95578,138020.0,15998.0,2892.0,10966.0
258,2640.0,0.83365,0.95823,137850.0,16721.0,2963.5,11256.0
259,2650.0,0.83298,0.95756,137790.0,16662.0,3025.0,11314.0
260,2660.0,0.83231,0.95687,138160.0,16620.0,3014.5,11398.0
261,2670.0,0.83165,0.9572,138290.0,16780.0,3028.5,11492.0
262,2680.0,0.831,0.95699,137410.0,17156.0,3031.5,11920.0
263,2690.0,0.83034,0.95675,137910.0,17392.0,3045.5,11891.0
264,2700.0,0.8297,0.95737,138290.0,17370.0,3073.5,11766.0
265,2710.0,0.82905,0.95701,137840.0,17620.0,3108.0,12247.0
266,2720.0,0.82841,0.95673,137910.0,17527.0,3115.0,12055.0
267,2730.0,0.82778,0.95756,137870.0,17841.0,3064.5,12394.0
268,2740.0,0.82715,0.95881,138010.0,18004.0,3128.5,12255.0
269,2750.0,0.82652,0.95799,138220.0,17966.0,3130.0,12414.0
270,2760.0,0.8259,0.95798,137870.0,18396.0,3063.5,12794.0
271,2770.0,0.82528,0.96022,138460.0,18724.0,3262.0,12708.0
272,2780.0,0.82467,0.9578,137150.0,18574.0,3304.0,12645.0
273,2790.0,0.82406,0.95649,137830.0,18480.0,3139.5,12880.0
274,2800.0,0.82346,0.95833,137610.0,18828.0,3238.5,13202.0
275,2810.0,0.82286,0.95918,137790.0,19190.0,3334.0,13280.0
276,2820.0,0.82226,0.95994,138310.0,19180.0,3242.5,13201.0
277,2830.0,0.82167,0.95702,137730.0,19324.0,3367.0,13368.0
278,2840.0,0.82108,0.95866,137720.0,19669.0,3394.5,13520.0
279,2850.0,0.82049,0.95974,137640.0,20021.0,3442.5,13590.0
280,2860.0,0.81991,0.95884,137920.0,19836.0,3417.0,13794.0
281,2870.0,0.81934,0.95758,138070.0,20093.0,3466.0,13822.0
282,2880.0,0.81876,0.95778,138060.0,20020.0,3525.0,14096.0
283,2890.0,0.81819,0.95921,137610.0,20402.0,3576.5,14300.0
284,2900.0,0.81763,0.96138,137330.0,20569.0,3472.0,14166.0
285,2910.0,0.81706,0.9609,137960.0,20854.0,3591.0,14419.0
286,2920.0,0.8165,0.96081,138490.0,20952.0,3653.5,14494.0
287,2930.0,0.81595,0.95864,138580.0,21023.0,3641.0,14686.0
288,2940.0,0.8154,0.95943,138090.0,21216.0,3572.5,14581.0
289,2950.0,0.81485,0.96011,137480.0,21528.0,3721.0,14729.0
290,2960.0,0.8143,0.96097,137600.0,21572.0,3633.5,14668.0
291,2970.0,0.81376,0.96029,137360.0,21803.0,3627.5,14970.0
292,2980.0,0.81323,0.96227,137650.0,22092.0,3750.0,15202.0
293,2990.0,0.81269,0.96346,137950.0,21901.0,3743.5,15190.0
294,3000.0,0.81216,0.96199,137920.0,22199.0,3812.5,15274.0
295,3010.0,0.81163,0.96102,137330.0,22214.0,3711.0,15575.0
296,3020.0,0.81111,0.96126,138040.0,22556.0,3758.5,15684.0
297,3030.0,0.81059,0.96127,137330.0,22341.0,3769.5,15532.0
298,3040.0,0.81007,0.96073,137940.0,22684.0,3820.0,15732.0
299,3050.0,0.80955,0.96053,138280.0,22846.0,3851.5,15856.0
300,3060.0,0.80904,0.96296,138070.0,23286.0,3922.0,15843.0
301,3070.0,0.80853,0.96241,137810.0,23396.0,3921.5,16156.0
302,3080.0,0.80803,0.96169,137780.0,23334.0,3859.5,16360.0
303,3090.0,0.80753,0.96456,138120.0,23404.0,3892.5,16297.0
304,3100.0,0.80703,0.96286,137300.0,24008.0,3997.5,16545.0
305,3110.0,0.80653,0.9644,137510.0,23726.0,4065.5,16696.0
306,3120.0,0.80604,0.96456,137400.0,24144.0,4064.0,17021.0
307,3130.0,0.80555,0.96456,137870.0,24234.0,4090.5,16874.0
308,3140.0,0.80506,0.96324,137520.0,24382.0,4136.5,16944.0
309,3150.0,0.80458,0.96478,138090.0,24522.0,4054.0,17174.0
310,3160.0,0.8041,0.96444,138090.0,25016.0,4039.0,17189.0
311,3170.0,0.80362,0.9649,137230.0,25074.0,4166.0,17514.0
312,3180.0,0.80314,0.9645,137490.0,25148.0,4231.5,17640.0
313,3190.0,0.80267,0.96576,138190.0,25444.0,4154.5,17634.0
314,3200.0,0.8022,0.96546,137760.0,25471.0,4281.0,18022.0
315,3210.0,0.80173,0.96569,137720.0,25713.0,4267.5,18142.0
316,3220.0,0.80127,0.96564,137080.0,25599.0,4307.5,18150.0
317,3230.0,0.8008,0.9661,138170.0,25946.0,4220.0,18084.0
318,3240.0,0.80035,0.96768,137750.0,26014.0,4318.5,18104.0
319,3250.0,0.79989,0.96601,136960.0,26644.0,4304.0,18312.0
320,3260.0,0.79944,0.96671,137790.0,26360.0,4276.5,18703.0
321,3270.0,0.79898,0.96958,137820.0,26791.0,4463.0,18945.0
322,3280.0,0.79854,0.96597,137770.0,26862.0,4291.0,18752.0
323,3290.0,0.79809,0.96817,138130.0,26694.0,4527.0,18939.0
324,3300.0,0.79765,0.97029,137580.0,27414.0,4472.5,19250.0
325,3310.0,0.79721,0.96683,137350.0,27230.0,4392.5,18970.0
326,3320.0,0.79677,0.96914,138170.0,27742.0,4576.0,19346.0
327,3330.0,0.79633,0.96634,138000.0,27499.0,4442.0,19404.0
328,3340.0,0.7959,0.96846,138050.0,27896.0,4593.0,19650.0
329,3350.0,0.79547,0.96781,138020.0,27962.0,4741.0,19930.0
330,3360.0,0.79504,0.96875,138480.0,28044.0,4499.0,19584.0
331,3370.0,0.79461,0.96907,138460.0,28177.0,4614.0,19936.0
332,3380.0,0.79419,0.96936,137560.0,28720.0,4737.5,20055.0
333,3390.0,0.79377,0.96879,137390.0,28900.0,4713.0,20373.0
334,3400.0,0.79335,0.9695,137910.0,28472.0,4821.5,19970.0
335,3410.0,0.79293,0.97007,137780.0,28914.0,4750.0,20366.0
336,3420.0,0.79252,0.97,137980.0,29204.0,4700.0,20475.0
337,3430.0,0.7921,0.97011,137430.0,29362.0,4679.0,20682.0
338,3440.0,0.79169,0.97197,137680.0,29680.0,4878.5,20824.0
339,3450.0,0.79129,0.97153,137800.0,29681.0,4721.5,20970.0
340,3460.0,0.79088,0.96955,138000.0,29736.0,4721.5,21054.0
341,3470.0,0.79048,0.9722,138020.0,29864.0,4835.5,21344.0
342,3480.0,0.79008,0.96896,138260.0,30013.0,4833.0,21412.0
343,3490.0,0.78968,0.97081,138020.0,30304.0,4888.0,21294.0
344,3500.0,0.78928,0.97153,137700.0,30702.0,5035.5,21737.0
345,3510.0,0.78889,0.97279,137820.0,30999.0,4918.0,21702.0
346,3520.0,0.78849,0.9711,137550.0,30881.0,4859.0,21725.0
347,3530.0,0.7881,0.9732,137800.0,31172.0,5028.5,21999.0
348,3540.0,0.78772,0.97196,137760.0,30870.0,4945.0,21937.0
349,3550.0,0.78733,0.97293,136990.0,31185.0,5163.0,22417.0
350,3560.0,0.78695,0.97438,137550.0,31207.0,5156.0,22567.0
351,3570.0,0.78656,0.97255,137470.0,31484.0,5117.0,22444.0
352,3580.0,0.78618,0.97397,137130.0,31732.0,5114.0,22726.0
353,3590.0,0.78581,0.972,137580.0,31506.0,5147.5,22702.0
354,3600.0,0.78543,0.97556,137070.0,32092.0,5291.5,22884.0
355,3610.0,0.78506,0.97621,136960.0,32311.0,5183.0,23285.0
356,3620.0,0.78468,0.9736,137210.0,32220.0,5178.0,23060.0
357,3630.0,0.78431,0.9759,137890.0,32519.0,5276.0,23296.0
358,3640.0,0.78395,0.97488,138140.0,32563.0,5186.5,23059.0
359,3650.0,0.78358,0.97366,137860.0,33169.0,5350.0,23634.0
360,3660.0,0.78322,0.97471,137190.0,33027.0,5313.0,23474.0
361,3670.0,0.78285,0.97692,138570.0,33802.0,5317.0,23940.0
362,3680.0,0.78249,0.97552,137900.0,33118.0,5294.5,23796.0
363,3690.0,0.78213,0.97648,137640.0,33392.0,5381.0,23865.0
364,3700.0,0.78178,0.97864,137710.0,33852.0,5345.0,24346.0
365,3710.0,0.78142,0.97758,137670.0,34322.0,5291.5,24240.0
366,3720.0,0.78107,0.97557,137190.0,33604.0,5406.5,24624.0
367,3730.0,0.78072,0.97785,138430.0,34254.0,5463.5,24474.0
368,3740.0,0.78037,0.97717,137390.0,34503.0,5512.5,25035.0
369,3750.0,0.78002,0.97805,137820.0,34629.0,5364.5,24820.0
370,3760.0,0.77967,0.9784,137180.0,34700.0,5496.5,25014.0
371,3770.0,0.77933,0.97914,137930.0,34961.0,5669.0,25206.0
372,3780.0,0.77899,0.9803,138040.0,35082.0,5527.0,25181.0
373,3790.0,0.77864,0.97952,137800.0,35250.0,5516.5,25116.0
374,3800.0,0.77831,0.98177,137520.0,35882.0,5662.0,25761.0
375,3810.0,0.77797,0.9797,137940.0,35314.0,5693.0,25491.0
376,3820.0,0.77763,0.98076,137510.0,35697.0,5590.5,26015.0
377,3830.0,0.7773,0.98214,138260.0,35826.0,5773.0,26114.0
378,3840.0,0.77697,0.98224,138020.0,36220.0,5613.0,26082.0
379,3850.0,0.77663,0.98032,138430.0,36179.0,5791.0,26100.0
380,3860.0,0.7763,0.98301,137480.0,36713.0,5695.5,26579.0
381,3870.0,0.77598,0.98353,137810.0,36674.0,5741.0,26399.0
382,3880.0,0.77565,0.98326,137340.0,36616.0,5765.5,26600.0
383,3890.0,0.77533,0.98384,137840.0,37148.0,5785.5,27037.0
384,3900.0,0.775,0.98264,137700.0,37152.0,5777.5,26983.0
385,3910.0,0.77468,0.98527,137880.0,37442.0,5866.0,27022.0
386,3920.0,0.77436,0.98269,137910.0,37538.0,5894.5,27054.0
387,3930.0,0.77404,0.98427,137730.0,37582.0,6003.5,27430.0
388,3940.0,0.77373,0.9845,137560.0,37948.0,5937.0,27565.0
389,3950.0,0.77341,0.9841,138100.0,37590.0,5828.0,27240.0
390,3960.0,0.7731,0.98551,138180.0,37764.0,5846.0,27519.0
391,3970.0,0.77279,0.98512,137750.0,38476.0,5996.5,27859.0
392,3980.0,0.77248,0.98801,137840.0,38284.0,6038.0,27836.0
393,3990.0,0.77217,0.98673,138270.0,38416.0,6086.0,27834.0
394,4000.0,0.77186,0.98755,138220.0,38504.0,6001.0,28205.0
395,4010.0,0.77155,0.98702,138750.0,38731.0,6004.0,28393.0
396,4020.0,0.77125,0.98896,137930.0,39194.0,6080.0,28570.0
397,4030.0,0.77094,0.98776,137630.0,39374.0,6094.5,28768.0
398,4040.0,0.77064,0.98826,138250.0,39442.0,6180.0,28611.0
399,4050.0,0.77034,0.98796,138500.0,39326.0,6216.0,28779.0
400,4060.0,0.77004,0.98778,137580.0,39636.0,6305.5,29346.0
401,4070.0,0.76975,0.98972,137630.0,39732.0,6201.5,29150.0
402,4080.0,0.76945,0.9877,137960.0,40110.0,6322.5,29400.0
403,4090.0,0.76915,0.98932,137650.0,40022.0,6347.5,29679.0
404,4100.0,0.76886,0.98957,138110.0,40218.0,6439.0,29562.0
405,4110.0,0.76857,0.99169,137850.0,40376.0,6356.5,29769.0
406,4120.0,0.76828,0.9901,138030.0,40803.0,6340.0,29579.0
407,4130.0,0.76799,0.99225,137810.0,40875.0,6373.0,29658.0
408,4140.0,0.7677,0.99248,137620.0,41122.0,6467.0,30113.0
409,4150.0,0.76741,0.99122,138530.0,41094.0,6337.0,30324.0
410,4160.0,0.76713,0.9916,137930.0,41420.0,6554.0,30588.0
411,4170.0,0.76684,0.99129,137910.0,41440.0,6529.0,30581.0
412,4180.0,0.76656,0.99435,137850.0,41488.0,6396.5,30882.0
413,4190.0,0.76628,0.99329,137340.0,41800.0,6489.0,31025.0
414,4200.0,0.766,0.99352,137580.0,41830.0,6428.0,31162.0
415,4210.0,0.76572,0.99218,138340.0,42127.0,6580.5,31152.0
416,4220.0,0.76544,0.99294,137820.0,42107.0,6604.5,31048.0
417,4230.0,0.76517,0.99417,137800.0,42408.0,6684.0,31664.0
418,4240.0,0.76489,0.99366,138310.0,42534.0,6396.0,31477.0
419,4250.0,0.76462,0.99432,138320.0,42641.0,6482.0,31376.0
420,4260.0,0.76434,0.99599,138140.0,42964.0,6661.5,31795.0
421,4270.0,0.76407,0.9958,137710.0,43040.0,6701.0,32067.0
422,4280.0,0.7638,0.99422,138080.0,43120.0,6811.0,31760.0
423,4290.0,0.76353,0.99696,138150.0,43190.0,6800.5,32108.0
424,4300.0,0.76326,0.99738,137940.0,43986.0,6724.5,32057.0
425,4310.0,0.763,0.99867,138180.0,43986.0,6691.5,32365.0
426,4320.0,0.76273,0.99936,138470.0,43734.0,6842.5,32559.0
427,4330.0,0.76247,0.99847,138220.0,43966.0,6941.5,32951.0
428,4340.0,0.7622,0.99825,138620.0,43922.0,7025.5,32910.0
429,4350.0,0.76194,0.99774,137740.0,44396.0,6988.0,32918.0
430,4360.0,0.76168,0.9982,137650.0,44468.0,6797.5,33528.0
431,4370.0,0.76142,0.99965,137690.0,44441.0,7044.5,33354.0
432,4380.0,0.76116,1.0003,137720.0,44774.0,6774.0,33295.0
433,4390.0,0.7609,0.99882,138180.0,44952.0,6851.0,33603.0
434,4400.0,0.76065,0.99955,137700.0,45180.0,6993.0,33772.0
435,4410.0,0.76039,1.0,138210.0,45303.0,6914.0,33734.0
436,4420.0,0.76014,1.0008,138500.0,45488.0,6925.5,33611.0
437,4430.0,0.75988,0.99886,138360.0,45811.0,7080.0,34075.0
438,4440.0,0.75963,1.0002,137780.0,45694.0,7094.5,34500.0
439,4450.0,0.75938,1.0016,138780.0,45944.0,7017.0,34458.0
440,4460.0,0.75913,1.0017,137980.0,46048.0,7093.5,34336.0
441,4470.0,0.75888,1.0021,138150.0,45868.0,6953.5,34800.0
442,4480.0,0.75863,1.0017,137910.0,46494.0,7153.5,34752.0
443,4490.0,0.75839,1.0049,138000.0,46609.0,7104.5,35028.0
444,4500.0,0.75814,1.002,137960.0,47178.0,7135.0,35092.0
445,4510.0,0.7579,1.0036,137630.0,47044.0,7159.0,35740.0
446,4520.0,0.75765,1.0043,138230.0,46694.0,7141.5,35550.0
447,4530.0,0.75741,1.0035,138350.0,47342.0,7177.5,35449.0
448,4540.0,0.75717,1.0041,138080.0,47257.0,7123.0,35926.0
449,4550.0,0.75693,1.0052,138200.0,47422.0,7114.0,35738.0
450,4560.0,0.75669,1.0055,137840.0,47527.0,7308.0,35769.0
451,4570.0,0.75645,1.0067,138520.0,47870.0,7363.5,36349.0
452,4580.0,0.75621,1.0056,138150.0,47922.0,7297.5,36356.0
453,4590.0,0.75598,1.0062,137800.0,47940.0,7350.0,36466.0
454,4600.0,0.75574,1.0087,137730.0,48680.0,7326.5,36784.0
455,4610.0,0.75551,1.0099,138510.0,48077.0,7401.5,36546.0
456,4620.0,0.75527,1.0065,138270.0,48299.0,7473.5,36630.0
457,4630.0,0.75504,1.0076,138260.0,48541.0,7368.5,37030.0
458,4640.0,0.75481,1.0096,138740.0,48779.0,7394.0,36816.0
459,4650.0,0.75458,1.0093,138380.0,49103.0,7489.5,37446.0
460,4660.0,0.75435,1.0094,138960.0,48675.0,7611.5,37179.0
461,4670.0,0.75412,1.0096,138410.0,49340.0,7536.0,37662.0
462,4680.0,0.75389,1.0079,138300.0,49084.0,7512.0,37610.0
463,4690.0,0.75366,1.0116,138060.0,49674.0,7547.5,38028.0
464,4700.0,0.75344,1.0127,137750.0,50116.0,7425.0,37998.0
465,4710.0,0.75321,1.0123,138280.0,49757.0,7494.5,38376.0
466,4720.0,0.75299,1.0099,138300.0,49624.0,7559.5,38286.0
467,4730.0,0.75276,1.0118,138480.0,50070.0,7659.5,38536.0
468,4740.0,0.75254,1.0133,138400.0,50606.0,7620.5,38584.0
469,4750.0,0.75232,1.0117,138540.0,50712.0,7589.5,38712.0
470,4760.0,0.7521,1.0132,138190.0,50484.0,7605.5,38915.0
471,4770.0,0.75188,1.0144,138320.0,50464.0,7613.0,38804.0
472,4780.0,0.75166,1.0145,137810.0,51188.0,7844.5,39310.0
473,4790.0,0.75144,1.0133,138270.0,50972.0,7718.0,39428.0
474,4800.0,0.75122,1.0157,138640.0,51031.0,7876.0,39592.0
475,4810.0,0.75101,1.0141,138170.0,51350.0,7865.0,39605.0
476,4820.0,0.75079,1.015,138190.0,51523.0,7843.5,39833.0
477,4830.0,0.75058,1.0157,138570.0,51485.0,7830.0,40152.0
478,4840.0,0.75036,1.0168,138640.0,51974.0,7726.5,40122.0
479,4850.0,0.75015,1.0167,138250.0,52056.0,7924.5,39858.0
480,4860.0,0.74994,1.0152,137740.0,51777.0,7897.5,39956.0
481,4870.0,0.74973,1.0201,138140.0,52652.0,7816.5,40378.0
482,4880.0,0.74952,1.0182,137830.0,52350.0,7892.5,40682.0
483,4890.0,0.74931,1.0176,138460.0,52412.0,8039.0,40297.0
484,4900.0,0.7491,1.0161,138620.0,52226.0,7990.0,40766.0
485,4910.0,0.74889,1.0234,138560.0,53308.0,8071.0,41607.0
486,4920.0,0.74868,1.0209,138360.0,52919.0,7851.0,41132.0
487,4930.0,0.74848,1.0218,139140.0,52918.0,8023.5,41252.0
488,4940.0,0.74827,1.0207,138930.0,53080.0,8070.5,41698.0
489,4950.0,0.74807,1.0224,138580.0,53299.0,8158.5,41644.0
490,4960.0,0.74786,1.0194,137920.0,52963.0,8093.5,41558.0
491,4970.0,0.74766,1.0219,138460.0,53805.0,8057.5,41799.0
492,4980.0,0.74746,1.0239,138100.0,54014.0,8274.0,42045.0
493,4990.0,0.74726,1.021,138690.0,54097.0,7982.5,41687.0
494,5000.0,0.74706,1.0208,138600.0,54034.0,8163.5,42222.0
495,5010.0,0.74686,1.0258,138940.0,54269.0,8117.5,42312.0
496,5020.0,0.74666,1.0226,138430.0,54686.0,8041.0,42754.0
497,5030.0,0.74646,1.0234,138550.0,54186.0,8149.5,42551.0
498,5040.0,0.74626,1.0237,138160.0,54996.0,8197.5,42725.0
499,5050.0,0.74606,1.0248,139240.0,54754.0,8238.5,43255.0
500,5060.0,0.74587,1.0242,138410.0,54463.0,8322.0,43132.0
501,5070.0,0.74567,1.0256,139010.0,55267.0,8390.5,43499.0
502,5080.0,0.74548,1.0272,138490.0,55610.0,8264.0,43711.0
503,5090.0,0.74528,1.0262,138350.0,55323.0,8203.0,43386.0
504,5100.0,0.74509,1.0268,138550.0,55506.0,8517.5,43558.0
505,5110.0,0.7449,1.0268,137960.0,55748.0,8411.0,43884.0
506,5120.0,0.7447,1.026,138440.0,55952.0,8205.5,44206.0
507,5130.0,0.74451,1.027,138930.0,55862.0,8293.0,43679.0
508,5140.0,0.74432,1.028,138350.0,55949.0,8537.5,44258.0
509,5150.0,0.74413,1.0272,138480.0,56102.0,8452.5,44091.0
510,5160.0,0.74394,1.0288,138350.0,56650.0,8421.0,43912.0
511,5170.0,0.74376,1.0293,138560.0,56725.0,8563.5,44603.0
512,5180.0,0.74357,1.0312,138770.0,56900.0,8440.0,44778.0
513,5190.0,0.74338,1.0289,138160.0,57002.0,8495.0,44867.0
514,5200.0,0.74319,1.0307,138530.0,56975.0,8516.5,45057.0
515,5210.0,0.74301,1.0296,139010.0,56632.0,8488.5,45324.0
516,5220.0,0.74282,1.0316,138670.0,56482.0,8549.0,45728.0
517,5230.0,0.74264,1.0308,138840.0,57090.0,8461.5,45308.0
518,5240.0,0.74246,1.0311,138950.0,57530.0,8513.5,45872.0
519,5250.0,0.74227,1.0318,138590.0,57352.0,8547.0,45542.0
520,5260.0,0.74209,1.0319,138370.0,57488.0,8636.5,45661.0
521,5270.0,0.74191,1.0324,138030.0,58024.0,8719.5,46352.0
522,5280.0,0.74173,1.032,138330.0,57884.0,8635.0,46050.0
523,5290.0,0.74155,1.0339,138860.0,58517.0,8633.0,46622.0
524,5300.0,0.74137,1.0337,139360.0,57812.0,8728.0,46548.0
525,5310.0,0.74119,1.0349,138680.0,58696.0,8706.5,46748.0
526,5320.0,0.74101,1.0347,138660.0,58378.0,8763.0,47020.0
527,5330.0,0.74083,1.0357,139010.0,58720.0,8842.0,46962.0
528,5340.0,0.74066,1.0351,138160.0,58625.0,8768.5,47140.0
529,5350.0,0.74048,1.0368,138840.0,58772.0,8738.5,47079.0
530,5360.0,0.7403,1.0372,138860.0,58735.0,8842.5,47674.0
531,5370.0,0.74013,1.0377,139300.0,59512.0,8881.5,47564.0
532,5380.0,0.73995,1.0373,138170.0,59449.0,8976.0,47868.0
533,5390.0,0.73978,1.0372,138060.0,59440.0,8859.5,47808.0
534,5400.0,0.73961,1.0362,138910.0,59671.0,8665.0,48051.0
535,5410.0,0.73943,1.0383,138060.0,59718.0,8828.5,47744.0
536,5420.0,0.73926,1.0382,139020.0,59864.0,8992.0,48350.0
537,5430.0,0.73909,1.0373,138210.0,59680.0,9011.5,48764.0
538,5440.0,0.73892,1.0383,138420.0,59634.0,9134.5,48225.0
539,5450.0,0.73875,1.0391,138660.0,60070.0,8903.5,48691.0
540,5460.0,0.73858,1.0402,138670.0,60095.0,9042.5,48806.0
541,5470.0,0.73841,1.0392,138540.0,60419.0,9064.0,48609.0
542,5480.0,0.73824,1.0386,138470.0,60171.0,9029.0,49008.0
543,5490.0,0.73808,1.0408,138160.0,61292.0,8890.0,48898.0
544,5500.0,0.73791,1.0408,138840.0,60521.0,9149.0,49384.0
545,5510.0,0.73774,1.042,138910.0,60616.0,9036.0,49537.0
546,5520.0,0.73758,1.0418,138470.0,60381.0,9106.0,49820.0
547,5530.0,0.73741,1.0428,138610.0,61278.0,9033.0,49385.0
548,5540.0,0.73725,1.0426,139160.0,61438.0,9295.0,49684.0
549,5550.0,0.73708,1.0441,139020.0,61764.0,9054.5,50178.0
550,5560.0,0.73692,1.0434,138390.0,61938.0,9246.5,50106.0
551,5570.0,0.73675,1.0458,138480.0,61838.0,9182.5,50702.0
552,5580.0,0.73659,1.0462,139250.0,61989.0,9192.0,50436.0
553,5590.0,0.73643,1.0446,138730.0,61780.0,9212.0,50820.0
554,5600.0,0.73627,1.0463,138640.0,62608.0,9152.0,51161.0
555,5610.0,0.73611,1.0473,138980.0,62286.0,9089.5,50796.0
556,5620.0,0.73595,1.0456,139240.0,62030.0,9408.0,51459.0
557,5630.0,0.73579,1.0483,139260.0,62626.0,9262.5,51466.0
558,5640.0,0.73563,1.0453,138830.0,62487.0,9406.5,51377.0
559,5650.0,0.73547,1.0472,138790.0,62863.0,9454.0,51699.0
560,5660.0,0.73531,1.0471,138710.0,62661.0,9281.5,51736.0
561,5670.0,0.73515,1.0475,138340.0,63392.0,9346.0,51998.0
562,5680.0,0.73499,1.0492,138930.0,63206.0,9479.0,52236.0
563,5690.0,0.73484,1.0508,138750.0,63374.0,9423.5,52302.0
564,5700.0,0.73468,1.0501,138460.0,63112.0,9470.5,52384.0
565,5710.0,0.73453,1.0495,138890.0,63271.0,9302.0,52195.0
566,5720.0,0.73437,1.0503,138830.0,63502.0,9380.0,52588.0
567,5730.0,0.73422,1.0522,139180.0,64058.0,9443.0,52666.0
568,5740.0,0.73406,1.0485,138940.0,63846.0,9300.0,52990.0
569,5750.0,0.73391,1.0526,138340.0,64337.0,9553.5,53033.0
570,5760.0,0.73376,1.0524,138350.0,63931.0,9527.5,53572.0
571,5770.0,0.7336,1.0514,138800.0,64604.0,9437.5,53302.0
572,5780.0,0.73345,1.0542,139060.0,64188.0,9597.5,52990.0
573,5790.0,0.7333,1.0529,138790.0,64032.0,9451.0,53380.0
574,5800.0,0.73315,1.0531,139260.0,64490.0,9688.5,53661.0
575,5810.0,0.733,1.0533,139180.0,64784.0,9486.5,53731.0
576,5820.0,0.73285,1.054,138800.0,65289.0,9596.0,54046.0
577,5830.0,0.7327,1.055,138940.0,65004.0,9364.0,53515.0
578,5840.0,0.73255,1.0547,139120.0,65290.0,9574.5,54248.0
579,5850.0,0.7324,1.0556,139210.0,65090.0,9690.5,53966.0
580,5860.0,0.73225,1.0573,138730.0,65219.0,9806.0,54632.0
581,5870.0,0.73211,1.0558,138750.0,65640.0,9712.0,55036.0
582,5880.0,0.73196,1.0561,138720.0,65521.0,9645.5,55101.0
583,5890.0,0.73181,1.0571,138730.0,65946.0,9543.0,55583.0
584,5900.0,0.73167,1.0569,139000.0,65764.0,9736.0,55039.0
585,5910.0,0.73152,1.0586,139190.0,65674.0,9713.0,55110.0
586,5920.0,0.73138,1.0577,138070.0,65858.0,9644.0,55243.0
587,5930.0,0.73123,1.0569,138530.0,66378.0,9630.0,55559.0
588,5940.0,0.73109,1.0593,139220.0,66445.0,9732.5,55728.0
589,5950.0,0.73094,1.0602,138620.0,66122.0,9924.0,55968.0
590,5960.0,0.7308,1.0603,138610.0,66252.0,10048.0,56234.0
591,5970.0,0.73066,1.0605,138610.0,66130.0,9878.0,55961.0
592,5980.0,0.73051,1.0601,139450.0,66802.0,9805.5,56132.0
593,5990.0,0.73037,1.0616,138570.0,66572.0,9753.5,56144.0
594,6000.0,0.73023,1.0635,139140.0,66868.0,9836.0,56514.0
595,6010.0,0.73009,1.062,138810.0,67102.0,10038.0,56960.0
596,6020.0,0.72995,1.0633,138900.0,66739.0,9825.5,57469.0
597,6030.0,0.72981,1.0634,138940.0,67484.0,9885.5,56673.0
598,6040.0,0.72967,1.0615,138430.0,67224.0,9865.0,57258.0
599,6050.0,0.72953,1.0624,138010.0,67722.0,9934.0,57372.0
600,6060.0,0.72939,1.0647,138690.0,67581.0,9780.0,57820.0
601,6070.0,0.72925,1.0671,138390.0,67532.0,9963.5,57558.0
602,6080.0,0.72912,1.0645,138500.0,67640.0,9970.5,58152.0
603,6090.0,0.72898,1.065,139050.0,68156.0,10036.0,58006.0
604,6100.0,0.72884,1.0662,138780.0,68377.0,10031.0,57775.0
605,6110.0,0.7287,1.0651,138680.0,68218.0,9978.0,58208.0
606,6120.0,0.72857,1.0655,138050.0,68384.0,9996.5,58216.0
607,6130.0,0.72843,1.0665,138670.0,68208.0,9929.0,58588.0
608,6140.0,0.7283,1.0681,138350.0,68446.0,10097.0,58282.0
609,6150.0,0.72816,1.0687,138770.0,68942.0,10018.0,58748.0
610,6160.0,0.72803,1.0685,139320.0,68152.0,10252.0,58884.0
611,6170.0,0.72789,1.0685,139420.0,68712.0,9966.0,59205.0
612,6180.0,0.72776,1.0694,138580.0,69368.0,10194.0,59478.0
613,6190.0,0.72763,1.0681,138960.0,68998.0,9978.0,59226.0
614,6200.0,0.72749,1.0694,138620.0,69536.0,10156.0,59588.0
615,6210.0,0.72736,1.0721,138950.0,69138.0,10340.0,60386.0
616,6220.0,0.72723,1.0705,138390.0,69386.0,10166.0,59436.0
617,6230.0,0.7271,1.0706,138640.0,69680.0,10212.0,59706.0
618,6240.0,0.72697,1.0712,138160.0,69657.0,10222.0,59668.0
619,6250.0,0.72684,1.0723,138690.0,69822.0,10216.0,60199.0
620,6260.0,0.72671,1.0712,139270.0,70606.0,10224.0,60703.0
621,6270.0,0.72658,1.074,138690.0,70092.0,10170.0,60342.0
622,6280.0,0.72645,1.0722,138130.0,70370.0,10233.0,60996.0
623,6290.0,0.72632,1.0744,138870.0,70092.0,10368.0,60888.0
624,6300.0,0.72619,1.074,138800.0,70537.0,10263.0,61038.0
625,6310.0,0.72606,1.0733,138890.0,70502.0,10268.0,61020.0
626,6320.0,0.72593,1.0748,138450.0,70530.0,10140.0,61356.0
627,6330.0,0.7258,1.0761,138840.0,70444.0,10334.0,61728.0
628,6340.0,0.72568,1.0766,139730.0,70984.0,10508.0,61582.0
629,6350.0,0.72555,1.0765,138520.0,70743.0,10421.0,61746.0
630,6360.0,0.72542,1.0768,138280.0,70746.0,10439.0,61788.0
631,6370.0,0.7253,1.0771,138710.0,71156.0,10405.0,61996.0
632,6380.0,0.72517,1.0764,138830.0,70839.0,10202.0,61776.0
633,6390.0,0.72505,1.0772,138350.0,71042.0,10372.0,62400.0
634,6400.0,0.72492,1.0784,138520.0,71216.0,10410.0,62503.0
635,6410.0,0.7248,1.0785,138720.0,71047.0,10262.0,62898.0
636,6420.0,0.72467,1.0787,138620.0,72342.0,10464.0,62504.0
637,6430.0,0.72455,1.0807,138810.0,71826.0,10456.0,62419.0
638,6440.0,0.72443,1.0789,138540.0,71779.0,10497.0,62848.0
639,6450.0,0.7243,1.0798,138600.0,72356.0,10480.0,62910.0
640,6460.0,0.72418,1.0812,138970.0,72092.0,10354.0,63125.0
641,6470.0,0.72406,1.0807,138480.0,71824.0,10634.0,63336.0
642,6480.0,0.72394,1.0818,138530.0,71810.0,10532.0,63326.0
643,6490.0,0.72382,1.0834,138780.0,72704.0,10480.0,63410.0
644,6500.0,0.72369,1.0842,138760.0,72419.0,10544.0,64670.0
645,6510.0,0.72357,1.0827,139390.0,72654.0,10560.0,63987.0
646,6520.0,0.72345,1.083,140100.0,72498.0,10510.0,64192.0
647,6530.0,0.72333,1.0819,138980.0,72901.0,10399.0,64065.0
648,6540.0,0.72321,1.0828,138620.0,72470.0,10614.0,64771.0
649,6550.0,0.72309,1.0836,138330.0,72974.0,10544.0,64852.0
650,6560.0,0.72297,1.0855,139570.0,72592.0,10612.0,64504.0
651,6570.0,0.72286,1.0855,139190.0,73388.0,10697.0,64687.0
652,6580.0,0.72274,1.0838,138770.0,72984.0,10573.0,64696.0
653,6590.0,0.72262,1.0855,138520.0,73470.0,10694.0,65583.0
654,6600.0,0.7225,1.0845,138710.0,73186.0,10573.0,65433.0
655,6610.0,0.72238,1.0872,139000.0,73420.0,10666.0,65424.0
656,6620.0,0.72227,1.0873,138130.0,73862.0,10710.0,65869.0
657,6630.0,0.72215,1.0873,138510.0,73960.0,10862.0,65845.0
658,6640.0,0.72203,1.0892,138690.0,73906.0,10803.0,65542.0
659,6650.0,0.72192,1.0874,139090.0,74008.0,10728.0,65750.0
660,6660.0,0.7218,1.0886,138540.0,73830.0,10674.0,66404.0
661,6670.0,0.72169,1.0892,138660.0,74035.0,10849.0,66565.0
662,6680.0,0.72157,1.0893,138680.0,74139.0,10936.0,66632.0
663,6690.0,0.72146,1.0893,138400.0,74624.0,10762.0,66442.0
664,6700.0,0.72134,1.0902,138360.0,74421.0,10796.0,66660.0
665,6710.0,0.72123,1.0911,138800.0,74718.0,10733.0,67072.0
666,6720.0,0.72112,1.0909,138540.0,74486.0,10908.0,67194.0
667,6730.0,0.721,1.0927,138220.0,74620.0,10646.0,67324.0
668,6740.0,0.72089,1.0924,138480.0,74826.0,10800.0,67512.0
669,6750.0,0.72078,1.0909,138690.0,74688.0,11090.0,67270.0
670,6760.0,0.72066,1.0919,138940.0,74650.0,10780.0,67776.0
671,6770.0,0.72055,1.0927,138340.0,74800.0,11014.0,67826.0
672,6780.0,0.72044,1.0927,138370.0,74943.0,10944.0,67597.0
673,6790.0,0.72033,1.0943,138710.0,74926.0,10872.0,67882.0
674,6800.0,0.72022,1.0945,137700.0,75308.0,11016.0,68108.0
675,6810.0,0.72011,1.093,138940.0,75447.0,10906.0,67992.0
676,6820.0,0.72,1.0946,139250.0,75493.0,10845.0,68447.0
677,6830.0,0.71989,1.094,138180.0,75794.0,10998.0,68582.0
678,6840.0,0.71978,1.0949,138700.0,75459.0,11028.0,68900.0
679,6850.0,0.71967,1.0971,138080.0,75987.0,10770.0,68700.0
680,6860.0,0.71956,1.0963,138660.0,75681.0,10928.0,69198.0
681,6870.0,0.71945,1.0977,138810.0,76113.0,10866.0,69290.0
682,6880.0,0.71934,1.097,138830.0,75977.0,10822.0,68794.0
683,6890.0,0.71923,1.0966,137980.0,76096.0,11118.0,69697.0
684,6900.0,0.71912,1.0972,138790.0,76018.0,10994.0,70014.0
685,6910.0,0.71902,1.097,138460.0,76488.0,11244.0,69777.0
686,6920.0,0.71891,1.098,138950.0,76452.0,11049.0,69790.0
687,6930.0,0.7188,1.0992,138860.0,76912.0,11158.0,70124.0
688,6940.0,0.7187,1.0998,137710.0,77006.0,11142.0,69926.0
689,6950.0,0.71859,1.1,138160.0,76608.0,11020.0,70695.0
690,6960.0,0.71848,1.0995,138340.0,76500.0,11100.0,70636.0
691,6970.0,0.71838,1.1014,139140.0,76754.0,11154.0,70933.0
692,6980.0,0.71827,1.1022,138190.0,77123.0,11118.0,70816.0
693,6990.0,0.71817,1.1018,138570.0,76983.0,11132.0,71324.0
694,7000.0,0.71806,1.1029,138180.0,76858.0,11200.0,70775.0
695,7010.0,0.71796,1.1026,138680.0,77451.0,11362.0,71202.0
696,7020.0,0.71785,1.1019,138310.0,77503.0,11225.0,71017.0
697,7030.0,0.71775,1.1026,139030.0,77920.0,11274.0,71618.0
698,7040.0,0.71764,1.1023,138080.0,77094.0,11360.0,71529.0
699,7050.0,0.71754,1.1032,137740.0,77958.0,10957.0,71478.0
700,7060.0,0.71744,1.1026,138410.0,77438.0,11203.0,71660.0
701,7070.0,0.71733,1.1048,138940.0,77897.0,11416.0,72718.0
702,7080.0,0.71723,1.1051,138080.0,77876.0,11107.0,72291.0
703,7090.0,0.71713,1.1056,138660.0,77626.0,11434.0,72212.0
704,7100.0,0.71703,1.106,138380.0,77917.0,11085.0,72444.0
705,7110.0,0.71692,1.1044,138100.0,77906.0,11280.0,72490.0
706,7120.0,0.71682,1.1057,138920.0,78591.0,11218.0,73204.0
707,7130.0,0.71672,1.1059,138220.0,78025.0,11178.0,73088.0
708,7140.0,0.71662,1.1057,138550.0,78251.0,11353.0,72666.0
709,7150.0,0.71652,1.1068,138470.0,78015.0,11339.0,73279.0
710,7160.0,0.71642,1.1081,138030.0,78330.0,11312.0,73950.0
711,7170.0,0.71632,1.1078,138210.0,78435.0,11216.0,73686.0
712,7180.0,0.71622,1.1073,138360.0,78997.0,11174.0,73182.0
713,7190.0,0.71612,1.1083,138310.0,78648.0,11229.0,73950.0
714,7200.0,0.71602,1.1087,137730.0,78840.0,11246.0,74167.0
715,7210.0,0.71592,1.1091,138380.0,78764.0,11364.0,74530.0
716,7220.0,0.71582,1.1099,138250.0,79053.0,11420.0,74388.0
717,7230.0,0.71572,1.1108,138360.0,79114.0,11410.0,74354.0
718,7240.0,0.71562,1.1115,138400.0,78836.0,11304.0,74324.0
719,7250.0,0.71553,1.1106,138490.0,79226.0,11210.0,74374.0
720,7260.0,0.71543,1.1119,138380.0,79501.0,11410.0,74796.0
721,7270.0,0.71533,1.1124,138240.0,79257.0,11472.0,75316.0
722,7280.0,0.71523,1.1118,138480.0,79314.0,11540.0,74918.0
723,7290.0,0.71514,1.1133,139160.0,79018.0,11393.0,74866.0
724,7300.0,0.71504,1.1143,138220.0,79522.0,11592.0,75430.0
725,7310.0,0.71494,1.1132,138790.0,79010.0,11417.0,75616.0
726,7320.0,0.71485,1.115,137830.0,80458.0,11326.0,75791.0
727,7330.0,0.71475,1.1138,137960.0,79493.0,11220.0,75962.0
728,7340.0,0.71465,1.1153,138420.0,80076.0,11680.0,75898.0
729,7350.0,0.71456,1.1167,138020.0,80152.0,11466.0,76353.0
730,7360.0,0.71446,1.1145,138110.0,79682.0,11566.0,75938.0
731,7370.0,0.71437,1.1154,138100.0,79294.0,11384.0,76149.0
732,7380.0,0.71427,1.1176,138020.0,79952.0,11686.0,76552.0
733,7390.0,0.71418,1.1169,137940.0,80694.0,11582.0,76972.0
734,7400.0,0.71409,1.1165,138680.0,80374.0,11572.0,76364.0
735,7410.0,0.71399,1.1173,137580.0,80384.0,11461.0,76938.0
736,7420.0,0.7139,1.1187,138170.0,80609.0,11346.0,76838.0
737,7430.0,0.7138,1.1195,137600.0,81032.0,11426.0,76663.0
738,7440.0,0.71371,1.119,137870.0,80440.0,11374.0,77648.0
739,7450.0,0.71362,1.1183,138060.0,80797.0,11576.0,77588.0
740,7460.0,0.71352,1.121,138860.0,81120.0,11521.0,77650.0
741,7470.0,0.71343,1.1187,139010.0,80792.0,11518.0,77643.0
742,7480.0,0.71334,1.1199,137250.0,81024.0,11703.0,78536.0
743,7490.0,0.71325,1.1194,138140.0,80854.0,11440.0,77964.0
744,7500.0,0.71316,1.1224,137920.0,81432.0,11672.0,78598.0
745,7510.0,0.71306,1.1234,137960.0,81038.0,11745.0,78624.0
746,7520.0,0.71297,1.1204,137840.0,81180.0,11825.0,78698.0
747,7530.0,0.71288,1.1231,137780.0,81386.0,11613.0,79155.0
748,7540.0,0.71279,1.1247,138340.0,80771.0,11745.0,79802.0
749,7550.0,0.7127,1.1236,138410.0,81550.0,11750.0,79316.0
750,7560.0,0.71261,1.1248,138510.0,81746.0,11726.0,79540.0
751,7570.0,0.71252,1.1253,137630.0,82012.0,11616.0,80189.0
752,7580.0,0.71243,1.1241,137800.0,81904.0,11666.0,78890.0
753,7590.0,0.71234,1.1241,138750.0,81168.0,11677.0,79614.0
754,7600.0,0.71225,1.1252,137800.0,81414.0,11780.0,79681.0
755,7610.0,0.71216,1.1245,137940.0,81672.0,11750.0,79998.0
756,7620.0,0.71207,1.1277,137720.0,81878.0,11894.0,79962.0
757,7630.0,0.71198,1.1246,137960.0,81937.0,11600.0,79526.0
758,7640.0,0.71189,1.1274,138340.0,81722.0,11907.0,80336.0
759,7650.0,0.71181,1.1284,137970.0,82379.0,11790.0,80654.0
760,7660.0,0.71172,1.1273,138320.0,82093.0,12087.0,80580.0
761,7670.0,0.71163,1.1284,137920.0,82024.0,11650.0,80931.0
762,7680.0,0.71154,1.1293,138060.0,82025.0,11829.0,80490.0
763,7690.0,0.71145,1.128,137980.0,82181.0,11774.0,80550.0
764,7700.0,0.71137,1.1298,137420.0,82513.0,11602.0,81330.0
765,7710.0,0.71128,1.1298,137980.0,82686.0,11587.0,81281.0
766,7720.0,0.71119,1.1308,137890.0,82761.0,11850.0,81660.0
767,7730.0,0.71111,1.1303,137850.0,82704.0,11944.0,81174.0
768,7740.0,0.71102,1.1299,137800.0,82642.0,11972.0,81594.0
769,7750.0,0.71093,1.1321,137940.0,82692.0,12153.0,82448.0
770,7760.0,0.71085,1.1319,137470.0,83129.0,12004.0,81940.0
771,7770.0,0.71076,1.1337,138060.0,82618.0,11964.0,82537.0
772,7780.0,0.71068,1.1314,137880.0,82434.0,11904.0,82512.0
773,7790.0,0.71059,1.1325,137790.0,83421.0,11930.0,82136.0
774,7800.0,0.71051,1.1344,138540.0,83115.0,11930.0,83060.0
775,7810.0,0.71042,1.1343,137970.0,83518.0,11964.0,82917.0
776,7820.0,0.71034,1.1338,137660.0,83461.0,11952.0,83172.0
777,7830.0,0.71025,1.1359,137720.0,82986.0,11910.0,83280.0
778,7840.0,0.71017,1.133,137360.0,83356.0,11856.0,82850.0
779,7850.0,0.71008,1.1379,137960.0,83198.0,12160.0,83368.0
780,7860.0,0.71,1.1366,137180.0,83416.0,12060.0,83444.0
781,7870.0,0.70992,1.1353,137730.0,83332.0,11996.0,83427.0
782,7880.0,0.70983,1.1354,137810.0,83869.0,12150.0,84019.0
783,7890.0,0.70975,1.1357,137420.0,83740.0,12030.0,83665.0
784,7900.0,0.70967,1.1387,137790.0,84285.0,11898.0,83764.0
785,7910.0,0.70958,1.1381,137030.0,83962.0,11945.0,84205.0
786,7920.0,0.7095,1.1385,138020.0,83688.0,12168.0,84048.0
787,7930.0,0.70942,1.1392,137490.0,84406.0,12177.0,84431.0
788,7940.0,0.70934,1.1405,137190.0,84186.0,12123.0,84680.0
789,7950.0,0.70925,1.1393,137570.0,84030.0,12025.0,84494.0
790,7960.0,0.70917,1.1395,137140.0,83924.0,12388.0,84758.0
791,7970.0,0.70909,1.1389,137000.0,84300.0,11835.0,84724.0
792,7980.0,0.70901,1.1405,137450.0,84384.0,12188.0,85892.0
793,7990.0,0.70893,1.1412,137760.0,84342.0,12210.0,85207.0
794,8000.0,0.70885,1.1405,137490.0,84720.0,12071.0,85552.0
795,8010.0,0.70876,1.1421,137300.0,84607.0,12024.0,85035.0
796,8020.0,0.70868,1.1416,137370.0,84401.0,12152.0,85706.0
797,8030.0,0.7086,1.1409,137080.0,84544.0,12261.0,85802.0
798,8040.0,0.70852,1.141,137680.0,84094.0,12066.0,86002.0
799,8050.0,0.70844,1.1429,137000.0,84497.0,12169.0,86378.0
800,8060.0,0.70836,1.1437,137230.0,84664.0,12133.0,86558.0
801,8070.0,0.70828,1.1448,137580.0,85454.0,12211.0,86793.0
802,8080.0,0.7082,1.1434,137070.0,84962.0,11992.0,86358.0
803,8090.0,0.70812,1.1453,137070.0,84938.0,12048.0,86862.0
804,8100.0,0.70805,1.1462,137760.0,85340.0,11995.0,86831.0
805,8110.0,0.70797,1.1455,137110.0,84742.0,12109.0,87407.0
806,8120.0,0.70789,1.1454,137110.0,85102.0,12251.0,87182.0
807,8130.0,0.70781,1.1466,137550.0,84804.0,12320.0,87576.0
808,8140.0,0.70773,1.1466,137820.0,85055.0,12158.0,87500.0
809,8150.0,0.70765,1.1468,137200.0,85403.0,11976.0,87629.0
810,8160.0,0.70757,1.1486,137180.0,85416.0,12156.0,88124.0
811,8170.0,0.7075,1.1475,137130.0,84840.0,12180.0,87557.0
812,8180.0,0.70742,1.15,137140.0,85529.0,12171.0,88115.0
813,8190.0,0.70734,1.148,137230.0,85374.0,12418.0,88026.0
814,8200.0,0.70726,1.1481,136760.0,85652.0,12368.0,88078.0
815,8210.0,0.70719,1.1476,136410.0,85232.0,12074.0,88333.0
816,8220.0,0.70711,1.1495,137290.0,85562.0,12229.0,88855.0
817,8230.0,0.70703,1.1525,137420.0,85799.0,12178.0,88650.0
818,8240.0,0.70696,1.15,137170.0,85992.0,12178.0,89069.0
819,8250.0,0.70688,1.151,137190.0,85737.0,12344.0,89132.0
820,8260.0,0.7068,1.1514,136770.0,85180.0,12274.0,89457.0
821,8270.0,0.70673,1.1529,137340.0,86264.0,12471.0,89390.0
822,8280.0,0.70665,1.154,137350.0,85860.0,12106.0,89444.0
823,8290.0,0.70658,1.1514,137140.0,85772.0,12390.0,89781.0
824,8300.0,0.7065,1.1513,136970.0,86201.0,12127.0,89740.0
825,8310.0,0.70643,1.1532,136410.0,86473.0,12177.0,89568.0
826,8320.0,0.70635,1.1546,136530.0,86691.0,12365.0,90090.0
827,8330.0,0.70628,1.1556,136870.0,85893.0,12324.0,90088.0
828,8340.0,0.7062,1.1544,137150.0,85826.0,12344.0,90934.0
829,8350.0,0.70613,1.154,137100.0,86492.0,12563.0,91502.0
830,8360.0,0.70605,1.1549,137020.0,86220.0,12440.0,90514.0
831,8370.0,0.70598,1.1557,136830.0,86412.0,12208.0,91104.0
832,8380.0,0.7059,1.155,136670.0,85990.0,12229.0,91014.0
833,8390.0,0.70583,1.1557,137300.0,86169.0,12344.0,90896.0
834,8400.0,0.70576,1.1564,136650.0,86171.0,12285.0,90998.0
835,8410.0,0.70568,1.1576,136910.0,86692.0,12309.0,91540.0
836,8420.0,0.70561,1.1569,136910.0,86350.0,12462.0,91446.0
837,8430.0,0.70554,1.1569,136410.0,86565.0,12365.0,92133.0
838,8440.0,0.70546,1.1581,136490.0,87058.0,12494.0,91791.0
839,8450.0,0.70539,1.1577,136280.0,86534.0,12210.0,92094.0
840,8460.0,0.70532,1.1581,136680.0,86487.0,12292.0,92251.0
841,8470.0,0.70525,1.1601,136450.0,87130.0,12271.0,92859.0
842,8480.0,0.70517,1.1594,137040.0,87192.0,12342.0,92943.0
843,8490.0,0.7051,1.1597,136180.0,87002.0,12327.0,92596.0
844,8500.0,0.70503,1.1618,136320.0,87159.0,12407.0,93005.0
845,8510.0,0.70496,1.1609,136630.0,87053.0,12490.0,93130.0
846,8520.0,0.70488,1.1618,136520.0,87162.0,12650.0,93158.0
847,8530.0,0.70481,1.1612,136430.0,87213.0,12542.0,93195.0
848,8540.0,0.70474,1.1614,136380.0,87480.0,12522.0,93411.0
849,8550.0,0.70467,1.1614,136080.0,87037.0,12364.0,93326.0
850,8560.0,0.7046,1.1623,136560.0,87418.0,12433.0,93294.0
851,8570.0,0.70453,1.1636,136520.0,87842.0,12486.0,93940.0
852,8580.0,0.70446,1.1649,136970.0,87015.0,12582.0,94343.0
853,8590.0,0.70439,1.1622,136080.0,87379.0,12460.0,93622.0
854,8600.0,0.70432,1.1622,136190.0,87348.0,12425.0,94144.0
855,8610.0,0.70425,1.1644,136840.0,87669.0,12657.0,94562.0
856,8620.0,0.70418,1.1645,137410.0,87693.0,12444.0,93504.0
857,8630.0,0.70411,1.1661,136470.0,87475.0,12635.0,94950.0
858,8640.0,0.70404,1.1675,136340.0,87857.0,12427.0,94786.0
859,8650.0,0.70397,1.1674,136740.0,87670.0,12822.0,94847.0
860,8660.0,0.7039,1.1658,136060.0,88504.0,12544.0,95048.0
861,8670.0,0.70383,1.1659,136390.0,87660.0,12426.0,94996.0
862,8680.0,0.70376,1.1657,135270.0,87734.0,12652.0,95368.0
863,8690.0,0.70369,1.1694,136550.0,88526.0,12370.0,95893.0
864,8700.0,0.70362,1.1679,136080.0,87942.0,12671.0,95830.0
865,8710.0,0.70355,1.1685,136010.0,88468.0,12573.0,96130.0
866,8720.0,0.70348,1.1677,136720.0,88016.0,12537.0,95181.0
867,8730.0,0.70342,1.168,136270.0,88037.0,12660.0,95944.0
868,8740.0,0.70335,1.1686,136830.0,88288.0,12675.0,96201.0
869,8750.0,0.70328,1.1687,136560.0,87478.0,12534.0,96420.0
870,8760.0,0.70321,1.1712,136470.0,87948.0,12472.0,96700.0
871,8770.0,0.70314,1.1722,135820.0,88370.0,12454.0,96064.0
872,8780.0,0.70308,1.1706,136000.0,87656.0,12464.0,96834.0
873,8790.0,0.70301,1.1733,135830.0,88913.0,12662.0,97787.0
874,8800.0,0.70294,1.1692,135440.0,88342.0,12535.0,96576.0
875,8810.0,0.70287,1.1697,136340.0,88410.0,12548.0,97082.0
876,8820.0,0.70281,1.1729,136240.0,88404.0,12776.0,97808.0
877,8830.0,0.70274,1.1732,135660.0,88901.0,12516.0,98313.0
878,8840.0,0.70267,1.1739,135890.0,89002.0,12766.0,97697.0
879,8850.0,0.70261,1.1727,134870.0,88786.0,12448.0,98340.0
880,8860.0,0.70254,1.1756,136280.0,88388.0,12636.0,98274.0
881,8870.0,0.70247,1.1746,135450.0,88296.0,12709.0,97892.0
882,8880.0,0.70241,1.1755,135780.0,88462.0,12654.0,97828.0
883,8890.0,0.70234,1.1753,136120.0,88818.0,12936.0,98428.0
884,8900.0,0.70228,1.175,136200.0,88282.0,12894.0,98664.0
885,8910.0,0.70221,1.1754,135550.0,88818.0,12540.0,98682.0
886,8920.0,0.70214,1.1749,135460.0,89013.0,12571.0,99262.0
887,8930.0,0.70208,1.1785,135450.0,89288.0,12716.0,98925.0
888,8940.0,0.70201,1.1766,135060.0,88925.0,12712.0,99062.0
889,8950.0,0.70195,1.179,135230.0,88973.0,12630.0,98998.0
890,8960.0,0.70188,1.1768,135110.0,88990.0,12851.0,99355.0
891,8970.0,0.70182,1.1785,135620.0,89081.0,12744.0,99464.0
892,8980.0,0.70175,1.1767,135800.0,88629.0,12710.0,100040.0
893,8990.0,0.70169,1.1768,134040.0,89654.0,12713.0,99199.0
894,9000.0,0.70162,1.1777,135100.0,89304.0,12527.0,99580.0
895,9010.0,0.70156,1.1788,135320.0,89302.0,12698.0,100610.0
896,9020.0,0.7015,1.1798,135490.0,89348.0,12860.0,100630.0
897,9030.0,0.70143,1.1808,135640.0,89484.0,12802.0,100760.0
898,9040.0,0.70137,1.1808,135240.0,89722.0,12810.0,100380.0
899,9050.0,0.7013,1.1804,135600.0,89256.0,12848.0,100560.0
900,9060.0,0.70124,1.1814,135900.0,89048.0,12779.0,100760.0
901,9070.0,0.70118,1.1839,135030.0,89348.0,12680.0,101100.0
902,9080.0,0.70111,1.1812,134660.0,89400.0,12642.0,100970.0
903,9090.0,0.70105,1.1832,134790.0,89630.0,12813.0,100750.0
904,9100.0,0.70099,1.1817,135310.0,89338.0,12716.0,100530.0
905,9110.0,0.70092,1.1835,135000.0,89410.0,12945.0,101900.0
906,9120.0,0.70086,1.1842,135860.0,89572.0,12809.0,101950.0
907,9130.0,0.7008,1.1861,134820.0,89912.0,12873.0,102020.0
908,9140.0,0.70074,1.1838,134790.0,89948.0,12910.0,101980.0
909,9150.0,0.70067,1.1848,135020.0,89590.0,12852.0,102050.0
910,9160.0,0.70061,1.1848,134940.0,89743.0,12842.0,101960.0
911,9170.0,0.70055,1.1845,135620.0,89752.0,12685.0,102140.0
912,9180.0,0.70049,1.1841,134510.0,89344.0,12770.0,102160.0
913,9190.0,0.70043,1.1854,134290.0,90003.0,12780.0,102610.0
914,9200.0,0.70036,1.1865,134750.0,90004.0,12971.0,102210.0
915,9210.0,0.7003,1.1889,134940.0,89389.0,12806.0,102800.0
916,9220.0,0.70024,1.1885,134700.0,90106.0,12667.0,103810.0
917,9230.0,0.70018,1.1878,135060.0,89688.0,12836.0,103760.0
918,9240.0,0.70012,1.1882,134620.0,89644.0,13014.0,103310.0
919,9250.0,0.70006,1.1898,134950.0,90508.0,12785.0,103960.0
920,9260.0,0.7,1.1891,134790.0,89904.0,12806.0,103230.0
921,9270.0,0.69993,1.19,134370.0,90051.0,13055.0,103990.0
922,9280.0,0.69987,1.1902,134610.0,90195.0,12880.0,103490.0
923,9290.0,0.69981,1.1908,134720.0,89962.0,13012.0,104470.0
924,9300.0,0.69975,1.1897,134540.0,90646.0,12988.0,104220.0
925,9310.0,0.69969,1.1902,134810.0,90761.0,12720.0,104430.0
926,9320.0,0.69963,1.1915,134360.0,90585.0,12820.0,104890.0
927,9330.0,0.69957,1.193,134580.0,90444.0,12809.0,104410.0
928,9340.0,0.69951,1.193,134440.0,90530.0,12869.0,104810.0
929,9350.0,0.69945,1.1924,134500.0,90142.0,12820.0,104620.0
930,9360.0,0.69939,1.1932,134650.0,90481.0,12972.0,105060.0
931,9370.0,0.69933,1.193,134630.0,90470.0,12994.0,105350.0
932,9380.0,0.69927,1.1955,134700.0,90154.0,13004.0,105330.0
933,9390.0,0.69921,1.1941,134540.0,90816.0,13003.0,105460.0
934,9400.0,0.69915,1.1961,134080.0,90456.0,12872.0,105940.0
935,9410.0,0.6991,1.1932,134420.0,90449.0,12954.0,105760.0
936,9420.0,0.69904,1.1946,134330.0,90099.0,13144.0,106370.0
937,9430.0,0.69898,1.1966,134620.0,90842.0,13060.0,105940.0
938,9440.0,0.69892,1.1938,134080.0,90331.0,12834.0,105820.0
939,9450.0,0.69886,1.1976,134260.0,90614.0,13078.0,106670.0
940,9460.0,0.6988,1.1961,134310.0,90814.0,12956.0,105880.0
941,9470.0,0.69874,1.1972,133960.0,90304.0,13197.0,106440.0
942,9480.0,0.69869,1.1981,133360.0,91023.0,13147.0,107640.0
943,9490.0,0.69863,1.1987,133400.0,90903.0,13092.0,106880.0
944,9500.0,0.69857,1.1967,134670.0,90725.0,12653.0,107140.0
945,9510.0,0.69851,1.1987,133810.0,90846.0,13143.0,107290.0
946,9520.0,0.69845,1.1996,134420.0,90686.0,13228.0,107680.0
947,9530.0,0.6984,1.1995,134380.0,90527.0,12916.0,106950.0
948,9540.0,0.69834,1.2012,134690.0,90928.0,12938.0,107630.0
949,9550.0,0.69828,1.2003,133790.0,90666.0,12994.0,107740.0
950,9560.0,0.69822,1.201,134260.0,90354.0,12864.0,107900.0
951,9570.0,0.69817,1.2015,133830.0,91096.0,12944.0,107840.0
952,9580.0,0.69811,1.2011,134300.0,90576.0,12999.0,107820.0
953,9590.0,0.69805,1.2027,134760.0,91322.0,12898.0,108500.0
954,9600.0,0.698,1.2014,133860.0,91638.0,12919.0,107980.0
955,9610.0,0.69794,1.203,133860.0,91290.0,12992.0,108340.0
956,9620.0,0.69788,1.2042,133770.0,91208.0,13022.0,109150.0
957,9630.0,0.69783,1.2027,133640.0,90934.0,12946.0,108830.0
958,9640.0,0.69777,1.2025,133750.0,90788.0,13102.0,108590.0
959,9650.0,0.69771,1.2039,134120.0,91190.0,13037.0,109550.0
960,9660.0,0.69766,1.2038,133710.0,91170.0,12960.0,109450.0
961,9670.0,0.6976,1.2056,133030.0,91346.0,13016.0,109800.0
962,9680.0,0.69754,1.2057,134360.0,90752.0,13128.0,109580.0
963,9690.0,0.69749,1.2062,133080.0,91068.0,13159.0,109620.0
964,9700.0,0.69743,1.2073,133500.0,90966.0,12905.0,110200.0
965,9710.0,0.69738,1.2061,133460.0,91367.0,13099.0,109890.0
966,9720.0,0.69732,1.2059,132720.0,90780.0,13146.0,109460.0
967,9730.0,0.69727,1.2065,133480.0,90930.0,12924.0,110760.0
968,9740.0,0.69721,1.2078,134010.0,91141.0,13016.0,110280.0
969,9750.0,0.69716,1.2063,133260.0,91118.0,12964.0,109810.0
970,9760.0,0.6971,1.2077,133160.0,91488.0,12924.0,110650.0
971,9770.0,0.69705,1.2083,133260.0,90795.0,12850.0,111130.0
972,9780.0,0.69699,1.209,133000.0,91910.0,13108.0,111180.0
973,9790.0,0.69694,1.2099,133220.0,91738.0,13026.0,111560.0
974,9800.0,0.69688,1.2093,133070.0,91343.0,12998.0,111330.0
975,9810.0,0.69683,1.2096,132950.0,91371.0,13155.0,111520.0
976,9820.0,0.69677,1.2109,133140.0,91381.0,13145.0,111500.0
977,9830.0,0.69672,1.2092,132720.0,91258.0,12892.0,111360.0
978,9840.0,0.69666,1.2117,132610.0,91807.0,13000.0,111710.0
979,9850.0,0.69661,1.2115,133120.0,91735.0,13178.0,112170.0
980,9860.0,0.69656,1.2122,133210.0,91745.0,13063.0,111700.0
981,9870.0,0.6965,1.2116,131960.0,90654.0,12962.0,112450.0
982,9880.0,0.69645,1.2128,133450.0,91707.0,12968.0,111920.0
983,9890.0,0.6964,1.2124,133090.0,91549.0,13162.0,113160.0
984,9900.0,0.69634,1.2135,132710.0,91346.0,13029.0,112920.0
985,9910.0,0.69629,1.2129,133160.0,92254.0,12987.0,112860.0
986,9920.0,0.69623,1.2138,133330.0,91545.0,12967.0,112640.0
987,9930.0,0.69618,1.2144,132450.0,91796.0,12928.0,113080.0
988,9940.0,0.69613,1.2148,133510.0,91628.0,13250.0,113190.0
989,9950.0,0.69608,1.2146,132650.0,92176.0,13292.0,113290.0
990,9960.0,0.69602,1.2153,132430.0,91333.0,13056.0,113780.0
991,9970.0,0.69597,1.215,132730.0,91282.0,13247.0,113270.0
992,9980.0,0.69592,1.216,133120.0,91805.0,13002.0,113850.0
993,9990.0,0.69586,1.2165,132990.0,91794.0,13178.0,114020.0
994,12000.0,0.68703,1.2909,106700.0,78882.0,11253.0,121860.0
995,15000.0,0.67818,1.3999,76310.0,58889.0,9280.0,130750.0
996,20000.0,0.66925,1.5375,44806.0,35112.0,6660.0,140120.0
