,Eg,FE,SE,DE,511
0,60.0,0.6983212132992643,0.0,0.0,0.0
1,70.0,0.6418308538534782,0.0,0.0,0.0
2,80.0,0.6237466266829241,0.0,0.0,0.0
3,90.0,0.5961646809866675,0.0,0.0,0.0
4,100.0,0.5748432868682738,0.0,0.0,0.0
5,110.0,0.560166951224097,0.0,0.0,0.0
6,120.0,0.5474129971840036,0.0,0.0,0.0
7,130.0,0.5372837554496965,0.0,0.0,0.0
8,140.0,0.5305499395539549,0.0,0.0,0.0
9,150.0,0.5223324714597483,0.0,0.0,0.0
10,160.0,0.5167673078782837,0.0,0.0,0.0
11,170.0,0.509987430409371,0.0,0.0,0.0
12,180.0,0.5060533445855542,0.0,0.0,0.0
13,190.0,0.5004816449205817,0.0,0.0,0.0
14,200.0,0.4942560903566619,0.0,0.0,0.0
15,210.0,0.48979305076429563,0.0,0.0,0.0
16,220.0,0.4850905757972174,0.0,0.0,0.0
17,230.0,0.47883906383818386,0.0,0.0,0.0
18,240.0,0.47400796722307453,0.0,0.0,0.0
19,250.0,0.4692810191425963,0.0,0.0,0.0
20,260.0,0.46433631395571734,0.0,0.0,0.0
21,270.0,0.45976256630810636,0.0,0.0,0.0
22,280.0,0.45532741397412485,0.0,0.0,0.0
23,290.0,0.4501801697323625,0.0,0.0,0.0
24,300.0,0.44566835395178184,0.0,0.0,0.0
25,310.0,0.4417180970285747,0.0,0.0,0.0
26,320.0,0.4369393344495018,0.0,0.0,0.0
27,330.0,0.43430141206490197,0.0,0.0,0.0
28,340.0,0.4280690537306005,0.0,0.0,0.0
29,350.0,0.42403746545699433,0.0,0.0,0.0
30,360.0,0.42055607509913645,0.0,0.0,0.0
31,370.0,0.41746898128865256,0.0,0.0,0.0
32,380.0,0.4139998728680249,0.0,0.0,0.0
33,390.0,0.4096536448886684,0.0,0.0,0.0
34,400.0,0.40671825197943057,0.0,0.0,0.0
35,410.0,0.4018335587462214,0.0,0.0,0.0
36,420.0,0.3996705646472915,0.0,0.0,0.0
37,430.0,0.3955160419255195,0.0,0.0,0.0
38,440.0,0.39355664727587103,0.0,0.0,0.0
39,450.0,0.3905223110411791,0.0,0.0,0.0
40,460.0,0.38782408970504934,0.0,0.0,0.0
41,470.0,0.3848547055729232,0.0,0.0,0.0
42,480.0,0.3820206569344814,0.0,0.0,0.0
43,490.0,0.3797100150470256,0.0,0.0,0.0
44,500.0,0.37850468175288415,0.0,0.0,0.0
45,510.0,0.3739102418336739,0.0,0.0,0.0
46,520.0,0.3718177298969106,0.0,0.0,0.0
47,530.0,0.3702399852413639,0.0,0.0,0.0
48,540.0,0.36866104365390756,0.0,0.0,0.0
49,550.0,0.3653973988325658,0.0,0.0,0.0
50,560.0,0.36468853943728463,0.0,0.0,0.0
51,570.0,0.3617778865596197,0.0,0.0,0.0
52,580.0,0.36077147947617877,0.0,0.0,0.0
53,590.0,0.35828713750620117,0.0,0.0,0.0
54,600.0,0.3556321670739721,0.0,0.0,0.0
55,610.0,0.35440518126953535,0.0,0.0,0.0
56,620.0,0.35327770104693945,0.0,0.0,0.0
57,630.0,0.3521953725929671,0.0,0.0,0.0
58,640.0,0.3480513469530676,0.0,0.0,0.0
59,650.0,0.347733910398112,0.0,0.0,0.0
60,660.0,0.345471075148233,0.0,0.0,0.0
61,670.0,0.34575461847201094,0.0,0.0,0.0
62,680.0,0.3422874419296247,0.0,0.0,0.0
63,690.0,0.34133653840778516,0.0,0.0,0.0
64,700.0,0.34022693707718693,0.0,0.0,0.0
65,710.0,0.33881511796663294,0.0,0.0,0.0
66,720.0,0.3382602739617744,0.0,0.0,0.0
67,730.0,0.3350913632576137,0.0,0.0,0.0
68,740.0,0.3361693512575609,0.0,0.0,0.0
69,750.0,0.33415350586761783,0.0,0.0,0.0
70,760.0,0.33332489680874594,0.0,0.0,0.0
71,770.0,0.3310770532023119,0.0,0.0,0.0
72,780.0,0.330041762018593,0.0,0.0,0.0
73,790.0,0.3287510869470682,0.0,0.0,0.0
74,800.0,0.3281456173927228,0.0,0.0,0.0
75,810.0,0.32587920027817474,0.0,0.0,0.0
76,820.0,0.3255862391647989,0.0,0.0,0.0
77,830.0,0.32451537442377776,0.0,0.0,0.0
78,840.0,0.32283428780229445,0.0,0.0,0.0
79,850.0,0.32280344680409034,0.0,0.0,0.0
80,860.0,0.3199870758079713,0.0,0.0,0.0
81,870.0,0.3198972261694062,0.0,0.0,0.0
82,880.0,0.31920979458411225,0.0,0.0,0.0
83,890.0,0.31820986930903056,0.0,0.0,0.0
84,900.0,0.3182360803457066,0.0,0.0,0.0
85,910.0,0.3171995685215447,0.0,0.0,0.0
86,920.0,0.3158424784240481,0.0,0.0,0.0
87,930.0,0.3153158141689187,0.0,0.0,0.0
88,940.0,0.31473137847839505,0.0,0.0,0.0
89,950.0,0.31535196405195776,0.0,0.0,0.0
90,960.0,0.31284242197458395,0.0,0.0,0.0
91,970.0,0.3133156677410287,0.0,0.0,0.0
92,980.0,0.31161382730032394,0.0,0.0,0.0
93,990.0,0.3097329692019096,0.0,0.0,0.0
94,1000.0,0.30885935043820995,0.0,0.0,0.0
95,1010.0,0.30842893311465497,0.0,0.0,0.0
96,1020.0,0.308730087941765,0.0,0.0,0.0
97,1030.0,0.3051031860287031,0.0031351295932964007,0.001806936177757993,0.00308640798475193
98,1040.0,0.30408698066178325,0.003121471684753452,0.0021049571849065976,0.0031362804287678706
99,1050.0,0.30299317975383877,0.0030278196108548478,0.002077335603261767,0.0031144192648799953
100,1060.0,0.3023105024613106,0.0029333661394841818,0.002452020241550871,0.0031050496873247283
101,1070.0,0.30217531373085676,0.003013775188359931,0.002803829163395812,0.0028783600022580743
102,1080.0,0.299961632549796,0.003038381887511032,0.0038692221760614626,0.0030404773232955225
103,1090.0,0.3007752248815532,0.00272672225404951,0.005442997296397681,0.0030077522488155322
104,1100.0,0.2995700913823356,0.002750664465947098,0.006294829939697737,0.002898729042961688
105,1110.0,0.298860632853539,0.0027371620852653833,0.00724151094649298,0.0028995184675092616
106,1120.0,0.2970345241439334,0.0027801465899978633,0.007731762466419956,0.0027739037458586464
107,1130.0,0.2967903237563075,0.002861980868692734,0.007774909566002359,0.0028879422336119355
108,1140.0,0.2953836028496101,0.0028019067436154408,0.007939597050702256,0.003159509005987607
109,1150.0,0.2953751239076464,0.002652415399380164,0.008776071169799842,0.0028813563864184205
110,1160.0,0.2941450577064644,0.002614439458655522,0.008741258742089973,0.0027041304022292724
111,1170.0,0.2934507328610731,0.0028640148437905533,0.008530209018371504,0.002953676337640779
112,1180.0,0.29369732898829637,0.002809806647050506,0.008100185914400817,0.002693545881354165
113,1190.0,0.2932396478946249,0.0026420947746968937,0.00780917747948903,0.002745847330001865
114,1200.0,0.292068090898326,0.002594039314283951,0.008107527702498871,0.002744939108189666
115,1210.0,0.2926860000146036,0.002693881207765972,0.007825960137367204,0.002849336767211844
116,1220.0,0.29048180934688983,0.002631656254354153,0.007209514110765564,0.0028611611602571314
117,1230.0,0.2902488855721169,0.002857213945239852,0.007704892423352007,0.0029602041695329377
118,1240.0,0.28840000803610677,0.002803577910806347,0.009685272419539427,0.0029501702198681166
119,1250.0,0.2879831580278123,0.002885704241541611,0.00915730145982538,0.0030406209955612137
120,1260.0,0.289099757096083,0.0029490856210728712,0.008819837678725169,0.0029612719252921807
121,1270.0,0.2856295202504351,0.002868639967089356,0.007996776599614525,0.003019407993578356
122,1280.0,0.28820266959352653,0.0031005182351951026,0.007785655959564234,0.0031176984209833414
123,1290.0,0.28705201052969676,0.0031818493440282486,0.0074938802833212845,0.003128415245411805
124,1300.0,0.2843861452629953,0.00307329950497085,0.006378660364552106,0.0029966183617082813
125,1310.0,0.286459130694481,0.003354881387888742,0.006273658410434997,0.0031806410756387415
126,1320.0,0.2844685329046044,0.003219525810690454,0.005588421129237209,0.003042562493175926
127,1330.0,0.28510489812579615,0.0033315199191971028,0.005069179569173739,0.003300346626865346
128,1340.0,0.2834849096666605,0.003282647171676871,0.005156006099209724,0.003307759221643799
129,1350.0,0.28359752375811154,0.0034078624876398966,0.004742332911602446,0.0033667555850234697
130,1360.0,0.28275108339058797,0.003574657210935428,0.004410044496446506,0.0034375936682827127
131,1370.0,0.28063455705627116,0.0036248297244380226,0.004348197067462589,0.003334084010598038
132,1380.0,0.2823373554013523,0.003521726033483685,0.004029110272000336,0.0032240872478971456
133,1390.0,0.2813766073111444,0.0035953456403277685,0.003794423472018121,0.003446037266560004
134,1400.0,0.28075693294946275,0.0038207989454589857,0.003685196477666078,0.0034917635456673717
135,1410.0,0.2810725762772447,0.004063783797312042,0.0040767162794087515,0.0037434561638397105
136,1420.0,0.27978584922176,0.0039276713523085875,0.0035290538608599505,0.00366589270120799
137,1430.0,0.2801282660440571,0.00414292352400733,0.0037561977761942952,0.003552918857472059
138,1440.0,0.27883026745802136,0.004313155699741268,0.00344874226404932,0.0037061849825830045
139,1450.0,0.2784720785318016,0.00454783152975185,0.0034412023871837356,0.0037272295274197007
140,1460.0,0.27853874711456345,0.004609481387893059,0.0033960452618494157,0.0038136563961371633
141,1470.0,0.27799642643746403,0.004568335131128851,0.0033079351089500744,0.0037300362873378145
142,1480.0,0.27732486414054586,0.0048074235675179796,0.0031560711117769005,0.00386070064593102
143,1490.0,0.276654273539764,0.004982482876635767,0.0031353758834083397,0.003871669594615239
144,1500.0,0.2745378612573661,0.005082620725524073,0.00294895749008358,0.004299625042793616
145,1510.0,0.27461689176337756,0.005182390457962608,0.002860226427618707,0.004140443855617384
146,1520.0,0.27281224297001977,0.005289276527516326,0.002821725888483691,0.004282212288005767
147,1530.0,0.2738110958576796,0.005415512494685501,0.00490315590379237,0.004825819059883973
148,1540.0,0.2717275221865092,0.005498045441411324,0.001540773108868051,0.00433202874087539
149,1550.0,0.2729837472754354,0.005769134133073966,0.002636708689035655,0.004474061984485814
150,1560.0,0.27273282596081044,0.005742049898108359,0.0027255829556877063,0.004744317823614353
151,1570.0,0.27123004168615056,0.005937932168412481,0.002706884713255136,0.004657505101477933
152,1580.0,0.2723867564016866,0.005981315986305544,0.002666939407347721,0.004573550213758393
153,1590.0,0.2706254614105917,0.006237848316504931,0.0027852538387986097,0.0048722626965114375
154,1600.0,0.26980728629343176,0.006392904385955165,0.002594263860726656,0.004730037961702806
155,1610.0,0.2706053888557031,0.006396493919205157,0.002698565872262599,0.00472321027802632
156,1620.0,0.26939521111548226,0.0066329598871808435,0.0024996813194800697,0.005029029607146925
157,1630.0,0.26856090836886676,0.006539464814153224,0.002563370733059915,0.005124828502886204
158,1640.0,0.2677739129365735,0.007112863729777039,0.0026664897268712474,0.005076531210435964
159,1650.0,0.2676547935909784,0.00696314415990211,0.0025127204685486248,0.0051246147240912
160,1660.0,0.26735770852182356,0.007110010774434949,0.0024964925472032826,0.005373403006361351
161,1670.0,0.2657012992148407,0.007211024687220888,0.0026621379636291905,0.005450502076692493
162,1680.0,0.26479916770528517,0.007429193291932355,0.002541616114703526,0.005518232296871258
163,1690.0,0.2652030196730206,0.007769013206614333,0.0025079351674776222,0.005602854028362616
164,1700.0,0.26513288879198554,0.007768333143513039,0.0024359934912184353,0.005825777216289955
165,1710.0,0.2633404384847254,0.007863624996505496,0.0024065200852718583,0.005823929485360109
166,1720.0,0.26224075764114996,0.008340001694223676,0.002557826459330142,0.006320665015805143
167,1730.0,0.2632515506225079,0.008212540356684922,0.0026668477708800954,0.005864626191889679
168,1740.0,0.262043946531613,0.008699776473595544,0.002566593533724111,0.006055322098022346
169,1750.0,0.26170977992536487,0.008408563919223837,0.002731242046190902,0.006341450838437083
170,1760.0,0.2606563607688308,0.008529722486807976,0.002510335632207342,0.006370665677715617
171,1770.0,0.26054910569870265,0.008984291150980601,0.0026854964727373257,0.006626089560858138
172,1780.0,0.2592881324971442,0.009022765259810146,0.00235344104176641,0.006191746981324523
173,1790.0,0.25949573811370485,0.009419656277199711,0.002539777146140435,0.007011791477347477
174,1800.0,0.2597031773071343,0.009478008649173383,0.0027044313045067356,0.006853201135213577
175,1810.0,0.2575548718996452,0.009621025873630205,0.0026694711242709395,0.0068737492065283285
176,1820.0,0.2575160227487483,0.009514689010866608,0.00263091720975743,0.007131170331710929
177,1830.0,0.2566124138735668,0.010037629360545688,0.0026731995570497607,0.0072105434449894435
178,1840.0,0.25569470097699853,0.010314330295590552,0.0026183166778688052,0.00719807409512354
179,1850.0,0.2560429400427831,0.010506349138080084,0.0028151510179589257,0.007219559390254507
180,1860.0,0.25486017212327544,0.010677168751643403,0.0027169090639902207,0.0076278572642529624
181,1870.0,0.25581357481270217,0.010774468188184831,0.0026675453588679717,0.007705327351764378
182,1880.0,0.253884524571435,0.010919774317628233,0.002806428575568417,0.007719733403605541
183,1890.0,0.25567049299865097,0.011127972874750309,0.002725180595752023,0.007851550122322389
184,1900.0,0.2531702656405112,0.011224633419523455,0.0027604687777783078,0.00798953858706785
185,1910.0,0.2517970265629059,0.011506960727245705,0.0029182676294150778,0.008288243149047924
186,1920.0,0.25296483283420523,0.011966556566810366,0.0027267402995995818,0.00837550468683373
187,1930.0,0.2519955218662003,0.01189215705148949,0.0028801812085338554,0.008377558770978613
188,1940.0,0.2513224205176873,0.012172080289247956,0.002993090252943677,0.008167798739547835
189,1950.0,0.25004161061777236,0.012328440523515163,0.0029455823012470733,0.008823251566380589
190,1960.0,0.24980345527983347,0.01213379799129477,0.002696599035721646,0.008604161703525959
191,1970.0,0.24930033390967618,0.01265067351344072,0.0028826135889541632,0.008686407158998467
192,1980.0,0.24802195519862955,0.012530685477947482,0.003086868813981214,0.008827157867890113
193,1990.0,0.24808303532553527,0.012889380093420938,0.0028139668548379463,0.009070105930963846
194,2000.0,0.2476993990633913,0.013215212394586678,0.003155099632367074,0.009322614911465627
195,2010.0,0.2461001156298266,0.013365782141964721,0.003132619059506774,0.009395194141632104
196,2020.0,0.2474184716444407,0.013837080821466658,0.002955389592424089,0.009444821634407553
197,2030.0,0.24564833932392996,0.013955843153199914,0.0031007082047015667,0.00941634259194779
198,2040.0,0.2457143563886937,0.013569511274424876,0.003324786490797031,0.009523750620329844
199,2050.0,0.24512101660019228,0.014230754496584917,0.0029545521555778003,0.009463041263159253
200,2060.0,0.24563824828413944,0.014453037576460333,0.0031651236651665995,0.009667053642150003
201,2070.0,0.24414519123618394,0.014421248102107084,0.003082357209537393,0.010029306563453433
202,2080.0,0.24378149480446323,0.014482633022878038,0.00324007832287928,0.009869224234228719
203,2090.0,0.24301255722051518,0.01505389072218453,0.0032140765872478425,0.010227960417387442
204,2100.0,0.24231634993377063,0.015093641058311518,0.003177102625917098,0.010533821416108079
205,2110.0,0.24219977835205972,0.015610737046571491,0.0032294466916126105,0.010808439899805575
206,2120.0,0.24302909484552854,0.01579715250530079,0.003213615065184439,0.010511108532533326
207,2130.0,0.24167111712605924,0.01568474206802329,0.0034257727526493128,0.01087910799624603
208,2140.0,0.2410092555803993,0.01581606960030461,0.003334085818246031,0.01086616771233049
209,2150.0,0.23983189782744002,0.016168530073310743,0.0032750772334140493,0.010987607155970231
210,2160.0,0.23964902544113104,0.01618450455831915,0.003391145856764169,0.011174131844992694
211,2170.0,0.23889736601996917,0.016644728813686574,0.0035302821676087516,0.011401880565257854
212,2180.0,0.23785299385453662,0.016732571371833954,0.0034393677281855752,0.01151021060649733
213,2190.0,0.23817196521590703,0.016865424322971383,0.003416958194891218,0.011376096467583452
214,2200.0,0.237245342885752,0.01680780539979221,0.0035380344699868413,0.011796303789762421
215,2210.0,0.23691521143476676,0.017256681223494403,0.003421346977428657,0.011534729028335732
216,2220.0,0.2364616695181769,0.017542279400154483,0.0034673424954598845,0.012133566297150518
217,2230.0,0.23595885648718753,0.01739647607343137,0.0035005727049913517,0.011943480858046106
218,2240.0,0.23529175718439,0.01805241065202102,0.00357239472354678,0.012402211857948696
219,2250.0,0.2351534083798171,0.017782745310314527,0.00349957916862025,0.012219703036940961
220,2260.0,0.23568583306170848,0.018011377281913103,0.0037025456778504834,0.01251260576172024
221,2270.0,0.23386550150294846,0.018616680323309966,0.003758130440878668,0.012428010689431567
222,2280.0,0.23288045213712819,0.018722225017487135,0.0036378079612204633,0.012798976015694723
223,2290.0,0.23277442311593977,0.01886658938949257,0.0037857855293971965,0.01306154976263986
224,2300.0,0.23218460694425297,0.01929042447033944,0.0035623051116121084,0.013008256947571994
225,2310.0,0.23222031313601618,0.019202415050609947,0.0037199447465087448,0.013285158206984763
226,2320.0,0.23091127599273992,0.01963306026092229,0.003804208508099669,0.013383289140472836
227,2330.0,0.23120668207400863,0.01948372790012778,0.003663621208197598,0.013367131363182497
228,2340.0,0.23025749038733648,0.01979192683107507,0.003796443830777285,0.013467024696994269
229,2350.0,0.23071750398787247,0.020100275230309207,0.003734713614102786,0.013582817523062604
230,2360.0,0.2292481807190523,0.02034279103646278,0.0037768571440078245,0.013517085655678497
231,2370.0,0.22776187736178719,0.02058489752775316,0.003967475630198428,0.014138369805154797
232,2380.0,0.2293941656143572,0.020414658806692146,0.003849139523931264,0.013786963024184211
233,2390.0,0.22728808486427546,0.020843690329633634,0.003925539649905637,0.014283776533358243
234,2400.0,0.2276440720029609,0.021037316175427024,0.004090132788676602,0.014384482670020345
235,2410.0,0.22703186623351104,0.021238464905715546,0.00409284627937962,0.014614375882238162
236,2420.0,0.22636211408690213,0.021225344485116246,0.003993081502301201,0.014480252210378616
237,2430.0,0.22648939633920379,0.021718340841091473,0.003943576222428122,0.014820768802694137
238,2440.0,0.22562554357588196,0.021857270458711345,0.00406436172743964,0.014780758746485148
239,2450.0,0.2250992424974502,0.022129837841295814,0.004062683262844407,0.014904117900412739
240,2460.0,0.224425327140089,0.02218438595125643,0.0042017850440465195,0.015548065871063173
241,2470.0,0.22440493270785117,0.02222797938236808,0.004208910561053421,0.015137153380300436
242,2480.0,0.22345676791420008,0.022763928722077754,0.00416063403113606,0.015472889737065313
243,2490.0,0.22374260533609025,0.022637677252061773,0.004206587227806738,0.0152830178307216
244,2500.0,0.2223301717582024,0.022863409468477654,0.004255551039563273,0.015883951067163234
245,2510.0,0.22248657188994514,0.023286842145949907,0.004279700526891967,0.015907854174029342
246,2520.0,0.22162482326130753,0.02301069193042269,0.004316408799156706,0.016066276436682833
247,2530.0,0.22148949081899594,0.02322622325492253,0.004261875907390161,0.015923809024119183
248,2540.0,0.22043410407224442,0.024091508112838427,0.004311868726561732,0.016624418661949383
249,2550.0,0.21989295265182635,0.02383477408952931,0.004508332352902262,0.016207007806892267
250,2560.0,0.22028209967699913,0.02394957969938949,0.004430751705500856,0.016608962006524192
251,2570.0,0.2192844324211978,0.02432262751622142,0.004400444058463151,0.016681546360440443
252,2580.0,0.21867408857428014,0.024470822817977377,0.004494932142605019,0.01663045617064693
253,2590.0,0.2186624833184711,0.024920742375014855,0.004338553909343813,0.01707696643739893
254,2600.0,0.21893011401284632,0.02485938564514598,0.004417953755308683,0.017080752705196295
255,2610.0,0.21831743532865225,0.024889954102885862,0.004469813695429854,0.017390319620963154
256,2620.0,0.217780025019666,0.02534447882010272,0.004698403848307682,0.017280183448790083
257,2630.0,0.21712742400474877,0.025167399863990515,0.004549576222444091,0.01725126308966871
258,2640.0,0.2158842578400868,0.02618643942940944,0.0046410808713028455,0.017627807081958772
259,2650.0,0.2155170391340458,0.026060997939266063,0.004731395916833504,0.01769620277786918
260,2660.0,0.21583712733850588,0.025964194096453154,0.004709329909973407,0.017806250560251084
261,2670.0,0.2155480452090101,0.026154430534436255,0.0047204226980655664,0.017912199982225353
262,2680.0,0.21380151732429192,0.02669368190972675,0.0047168277401105525,0.01854678761739
263,2690.0,0.2141867712816256,0.027011357596476198,0.004729938452165838,0.018467804345658836
264,2700.0,0.21421635058768376,0.026906775686658956,0.004760965749737841,0.018225971371861212
265,2710.0,0.213219451293603,0.027255707572499163,0.004807646942981124,0.018944418311032763
266,2720.0,0.2129518780634455,0.027064082131955693,0.0048099854990039355,0.018614566674315394
267,2730.0,0.2123060515117621,0.02747336088359576,0.004719024406018677,0.019085524062064114
268,2740.0,0.21184404864522832,0.02763597023265481,0.004802218000047799,0.01881130944241195
269,2750.0,0.21193717509800394,0.02754784609905035,0.004799329750085027,0.019034785788356396
270,2760.0,0.21098337810495912,0.028151521169353943,0.004688094428262438,0.019578743305105152
271,2770.0,0.21100036360664556,0.028533661766364522,0.004970989354939172,0.019365828547690683
272,2780.0,0.20911478198957037,0.028320072626134014,0.005037661244575578,0.019280032214787586
273,2790.0,0.21004670312987186,0.02816268645316718,0.004784456391759651,0.019628539043116518
274,2800.0,0.20892097575804885,0.028584871241716037,0.004916725383274771,0.020043417789097892
275,2810.0,0.20860517938751597,0.029052423197956537,0.005047461122563163,0.020105064099471746
276,2820.0,0.20885082967309035,0.02896217853466758,0.004896238993673599,0.019933770533688566
277,2830.0,0.2082081761260959,0.029212334244250904,0.005089936317552929,0.020208574010409132
278,2840.0,0.20742169649848774,0.02962371005248878,0.005112495997415892,0.020362629513938094
279,2850.0,0.20670797722849438,0.030067570561549593,0.005169952133166899,0.02040948423812292
280,2860.0,0.20689783459892858,0.029756565016707856,0.005125941856326414,0.020692783718515233
281,2870.0,0.20701332414932908,0.03012615863064003,0.005196698642004596,0.02072382245521856
282,2880.0,0.2065766982363106,0.029955566410915097,0.005274394185738048,0.021091591614798164
283,2890.0,0.20522504364793184,0.030426577577974748,0.005333822895188055,0.02132634346461322
284,2900.0,0.20394340077880554,0.030546215762173243,0.0051561311257847,0.021037371407795526
285,2910.0,0.20461244140436524,0.03092916680955808,0.005325915316635805,0.021385233347416228
286,2920.0,0.20503377232040926,0.031019334231043503,0.005408989004062497,0.021458296599119155
287,2930.0,0.20522349931690378,0.031133017940101516,0.005391966813485688,0.021748537386116675
288,2940.0,0.20396696469601885,0.031337266442108304,0.005276790364085215,0.02153698538802702
289,2950.0,0.2025574573296457,0.031718482262093485,0.005482370517337879,0.021701111354439567
290,2960.0,0.20217725509401122,0.03169598653261635,0.005338743142326233,0.02155186030319009
291,2970.0,0.20158325627280596,0.03199708602588809,0.005323553160524196,0.021969287612142584
292,2980.0,0.20123898300603513,0.03229765065433584,0.005482355149092857,0.022224736793735895
293,2990.0,0.20104701847060952,0.03191830918104255,0.005455741309494213,0.022137761584404194
294,3000.0,0.20092721967567112,0.032340366513777724,0.005554198267209224,0.022251757202191132
295,3010.0,0.19990017365785026,0.0323351231168389,0.005401802551840693,0.022671267783594393
296,3020.0,0.20054404327729458,0.032769280209813505,0.005460336037798549,0.022785661944082065
297,3030.0,0.19914217907648116,0.03239667532766086,0.005466150469881277,0.02252294710125905
298,3040.0,0.19977065620878667,0.03285194697288761,0.005532288724935226,0.02278376079075418
299,3050.0,0.1999272177022972,0.0330310761905314,0.005568554230404959,0.022924833409658844
300,3060.0,0.19876562901433234,0.03352253521567135,0.005646112819542344,0.022807589342174747
301,3070.0,0.19814490587839528,0.033639055351069855,0.005638380730006002,0.023229294676520965
302,3080.0,0.19788493777287208,0.033513188692061234,0.0055431624135171996,0.023496861532618575
303,3090.0,0.19742622640510143,0.03345325371260494,0.0055638690000134475,0.0232946366328116
304,3100.0,0.19625427350252503,0.03431662489620263,0.0057139581815465685,0.02364914024107266
305,3110.0,0.19589772973243202,0.033800229333369805,0.005791740384169896,0.023785241041471054
306,3120.0,0.19535995924101401,0.03432875440986203,0.005778332418889963,0.024201032505395195
307,3130.0,0.19566847031323917,0.03439348451128627,0.005805337476001341,0.023947992805291925
308,3140.0,0.19507949149465637,0.03458717395013606,0.005867846979113191,0.024035972250475983
309,3150.0,0.19524141985191992,0.03467093994937201,0.005731832254903928,0.02428181725350766
310,3160.0,0.19495147813358174,0.03531686709384953,0.0057021436757298625,0.02426693430109448
311,3170.0,0.19330908011680065,0.03532049752130481,0.005868437133036446,0.02467110128372547
312,3180.0,0.19341440073842736,0.03537701178100204,0.005952673188774859,0.02481511403757261
313,3190.0,0.19377249771821914,0.03567803337392263,0.005825514449456121,0.02472671122919948
314,3200.0,0.19293215135119962,0.035672000777195165,0.005995517856667288,0.025239715676911436
315,3210.0,0.19245746182142742,0.035932752801440336,0.005963637948903148,0.025352623238195877
316,3220.0,0.19123814562231037,0.03571276108685092,0.006009325301051225,0.025320778691602958
317,3230.0,0.19233553272770537,0.036117375205565926,0.005874328349937879,0.025173306606700616
318,3240.0,0.19107213871730172,0.036083852026075405,0.005990163564796134,0.025111941918969365
319,3250.0,0.18998856267480232,0.03696009976567927,0.005970434971906755,0.02540209228753636
320,3260.0,0.19068221443287117,0.03647857734560189,0.005918081791292355,0.02588235326611503
321,3270.0,0.1898390514273543,0.03690304764758561,0.006147523483676406,0.026095638000952163
322,3280.0,0.19009507650818683,0.037064193548398884,0.005920722750211437,0.025874013752497056
323,3290.0,0.18985224430474962,0.036689465065307944,0.00622211764256571,0.02603063530650585
324,3300.0,0.18835648083474105,0.03753165115280994,0.006123160056210055,0.026354573746683856
325,3310.0,0.18839389369974593,0.03734958664320409,0.006024901187303487,0.026019891980227014
326,3320.0,0.1887363325877411,0.037894791478968765,0.006250687254262889,0.026426091700386768
327,3330.0,0.18872767866680162,0.03760740895404622,0.006074843106071977,0.026536752730801586
328,3340.0,0.18803272818221622,0.03799609551156178,0.006255953064403615,0.02676452813314414
329,3350.0,0.1878126440247433,0.038049682308505084,0.006451382012181625,0.027120026049943007
330,3360.0,0.1879226325406699,0.038056775758019544,0.006105314296652758,0.02657623364873252
331,3370.0,0.18752232972840396,0.03816132229349443,0.006248938533633222,0.02700018175260336
332,3380.0,0.18590947792575319,0.03881448245149485,0.006402632681544459,0.02710391523554071
333,3390.0,0.18548805405384158,0.03901743039636088,0.006362946348029371,0.02750526330328928
334,3400.0,0.18572376651088016,0.038343318686808646,0.006493126968546216,0.026893652506868804
335,3410.0,0.18513842853884482,0.038852464238439244,0.006382693682388684,0.027366303060111147
336,3420.0,0.18509463663794457,0.03917599484254626,0.006304861517599214,0.027466391398477424
337,3430.0,0.1840119423793328,0.03931425927484515,0.006264948543934353,0.027692170503451654
338,3440.0,0.183701581530061,0.03960098009741582,0.006509210963788514,0.027784730779938916
339,3450.0,0.1836355657525569,0.03955360832439508,0.006291983481137136,0.02794512201619099
340,3460.0,0.1839374367437099,0.03963451897834028,0.006293192808590046,0.028062455023203394
341,3470.0,0.1831623601218361,0.03963165282334816,0.006417052545784222,0.028325006625420007
342,3480.0,0.18380759575279607,0.03990031369397272,0.006425156301701601,0.028465848692744607
343,3490.0,0.18282441332979218,0.040141363726605005,0.006474755342385337,0.02820651396496591
344,3500.0,0.18196075198086406,0.040570508404622285,0.006654054949888461,0.028723898807611056
345,3510.0,0.18157920948623035,0.040841488280827565,0.006479513512213619,0.02859259907321268
346,3520.0,0.18122961825349795,0.04068739979124879,0.006401997201699357,0.0286238710036877
347,3530.0,0.1808491510631324,0.040910230311610764,0.006599419130050518,0.02887155641682039
348,3540.0,0.18073043117631543,0.0404990447910341,0.00648745631654239,0.028779641904143664
349,3550.0,0.17923144654723605,0.04080102679447811,0.0067550329113320665,0.029329376868745097
350,3560.0,0.17938952006009048,0.040699445674411076,0.006724335626534544,0.029431358045772897
351,3570.0,0.17932487386478213,0.041069792163808835,0.006674950022303704,0.029277423939922675
352,3580.0,0.1783475906504808,0.041269785944148304,0.006651130887381017,0.029556824510485136
353,3590.0,0.17898839165366476,0.040988575864517825,0.0066967782093126866,0.02953477589272785
354,3600.0,0.17739590270612657,0.04153344502549802,0.006848255775658195,0.029616457558378936
355,3610.0,0.1768394772442171,0.0417191906340384,0.006692165672873666,0.030065035248478356
356,3620.0,0.17732446449489783,0.04163978023486341,0.00669183060385235,0.029801779398384548
357,3630.0,0.1774915624292582,0.04185835171975522,0.006791250151401597,0.029986535922488934
358,3640.0,0.1777048468409004,0.04188940877139308,0.006671971826699942,0.02966335647389838
359,3650.0,0.17728487683980712,0.04265459219425187,0.006879980350304425,0.030392795439083138
360,3660.0,0.17594312775609022,0.04235639390917991,0.006813804488432884,0.03010488359899746
361,3670.0,0.17703124090438138,0.04318402255213899,0.006792776992773297,0.030584743503289963
362,3680.0,0.17612451480451025,0.042297981735284776,0.006762082985007104,0.030392015622103887
363,3690.0,0.17534772074146354,0.04254003989391856,0.006855173534654282,0.030403032225334404
364,3700.0,0.17475970381428216,0.04295959257512947,0.006783026772836672,0.03089608415556251
365,3710.0,0.17462377943505158,0.043534810472650835,0.006711859728921155,0.030746570883312632
366,3720.0,0.17407987575472048,0.04263998939326209,0.0068602875447765594,0.031245301119500232
367,3730.0,0.17495436564089298,0.04329182143078197,0.006905029088196336,0.030931395974103985
368,3740.0,0.17348908922051304,0.0435686297792806,0.006960904027426146,0.03161292196401153
369,3750.0,0.17359392323813747,0.04361764597165478,0.006756962713764246,0.031262524849590564
370,3760.0,0.17244350739563222,0.04361998619790376,0.006909430954950375,0.03144410186612002
371,3770.0,0.17297887607102047,0.043844808861878824,0.0071095283727007534,0.03161100232180194
372,3780.0,0.1726255884292458,0.043871710325085495,0.006911776494120846,0.031490038700643576
373,3790.0,0.17218351562924467,0.04404549293128356,0.006892963454054632,0.031382882282613274
374,3800.0,0.17118751755652484,0.04466659762189663,0.0070481655352315565,0.03206778388433418
375,3810.0,0.17179967067482924,0.04398240952740989,0.007090441678641458,0.03174819055511144
376,3820.0,0.1707821976171427,0.044334318292045254,0.006943188682849511,0.032309641997018156
377,3830.0,0.1712186692460045,0.04436626677569331,0.00714917819728905,0.032339102623247226
378,3840.0,0.17063103811996602,0.04477797566081126,0.006939226322035715,0.032244593075242384
379,3850.0,0.17118794266873386,0.044740363922647707,0.007161376695764197,0.032276279012164656
380,3860.0,0.1692815961267284,0.04520537706284972,0.007012971564880576,0.03272720063610936
381,3870.0,0.16932960540164357,0.04506199802989534,0.007054069114076161,0.03243692223349531
382,3880.0,0.16853063958509723,0.04493168704709422,0.007074875509886982,0.03264100053126246
383,3890.0,0.1687746560779232,0.0454849167439255,0.0070839072311290234,0.03310476187158161
384,3900.0,0.16854021287272292,0.045472810375071906,0.007071467537197942,0.03302629312959101
385,3910.0,0.1680608763554692,0.045637767134475475,0.007150022488404282,0.032936908912659484
386,3920.0,0.168265068899523,0.045800407195636966,0.00719192552119671,0.03300879685307588
387,3930.0,0.16751080860600945,0.04570820597568465,0.007301612861875973,0.03336107950383242
388,3940.0,0.16701613461198814,0.04607391884454584,0.007208307583537174,0.033467575971063195
389,3950.0,0.16746996060680283,0.04558432888638463,0.0070674506185115634,0.033033176878561256
390,3960.0,0.16705339119316523,0.04565497369386809,0.00706755047702449,0.033269230512698755
391,3970.0,0.16635583385748778,0.04646611298367115,0.0072417623065439245,0.03364433521187479
392,3980.0,0.16571464500240865,0.046025968291295793,0.007259032403689375,0.03346512520521654
393,3990.0,0.1661898638853948,0.04617306582065037,0.007314902087267757,0.03345431887890417
394,4000.0,0.16573660158888978,0.0461693105742918,0.007195668833272519,0.03382000323986859
395,4010.0,0.16620054649836905,0.046393609848132115,0.007191842026495191,0.03401032156200499
396,4020.0,0.164650976466607,0.04678699609680414,0.007257869476669112,0.03410482416915075
397,4030.0,0.16423092660188318,0.04698414956057944,0.007272436112585752,0.03432823727735941
398,4040.0,0.16461378688211223,0.04696345014252637,0.007358504180336011,0.03406701668342939
399,4050.0,0.16472450331981414,0.04677224417007228,0.0073929784305845824,0.0342282056392847
400,4060.0,0.16342227482896227,0.04708100948626798,0.007489890637694589,0.034858192158240486
401,4070.0,0.16289787061734157,0.047026507268533135,0.00734005045871862,0.03450172875459934
402,4080.0,0.16336875950555552,0.04749725241930872,0.007486945360784827,0.03481473999321059
403,4090.0,0.1624934438902303,0.04724527868779366,0.007493113949097252,0.03503554610401849
404,4100.0,0.16274044013129632,0.04739044979509431,0.007587326725113439,0.03483406625994774
405,4110.0,0.1618492495041867,0.04740533404411347,0.007463146568540898,0.034951688853755054
406,4120.0,0.16206153830277065,0.047906954628471714,0.00744381766890941,0.03472881432628887
407,4130.0,0.16121162449697835,0.04781601590097954,0.007455204142799819,0.03469424830804284
408,4140.0,0.16070383656309878,0.048019642255106444,0.00755174909935736,0.03516403597169448
409,4150.0,0.16174998703083884,0.04798205419075501,0.007399189112931682,0.035406818788155325
410,4160.0,0.16072129170898636,0.04826416227496712,0.0076369705347690605,0.03564230313053342
411,4170.0,0.1604933573521665,0.04822597874464346,0.007598151911770684,0.035588770656127935
412,4180.0,0.15969494269443937,0.04806255917669134,0.007410146542945096,0.03577583765172054
413,4190.0,0.15903527401222264,0.048403046845135474,0.007514051937274739,0.03592594565479254
414,4200.0,0.1590553881057203,0.048359404597051035,0.007431371091318289,0.03602619569814258
415,4210.0,0.1599084519949429,0.048694978727706804,0.007606459218972978,0.03600887737853449
416,4220.0,0.15892987677704268,0.04855652533341268,0.007616110660092717,0.03580361931630838
417,4230.0,0.15848266989081733,0.04877309916349624,0.007687214554065479,0.03641651131656633
418,4240.0,0.1589101596294609,0.048869096447686285,0.007348632643988374,0.036165245424456226
419,4250.0,0.15857822561059784,0.048886163376673675,0.007431348022035102,0.03597130137910727
420,4260.0,0.1578751156951729,0.04910197242455052,0.007613182881159652,0.036337333889735215
421,4270.0,0.15717260510489842,0.04912285907860597,0.007648054802177941,0.036599040940373084
422,4280.0,0.15759982586636173,0.04921570460137252,0.007773844249534978,0.03624978613496269
423,4290.0,0.15702614420377092,0.04909127157554011,0.007729687250508463,0.036495080985122524
424,4300.0,0.15646518003777754,0.0498932681538472,0.007627592454429717,0.03636221746028009
425,4310.0,0.15631536471677127,0.04975892048365828,0.0075697225575501155,0.03661272817381894
426,4320.0,0.15629440823902338,0.04936361413970859,0.007723293770314996,0.036750123765829146
427,4330.0,0.15593515344819814,0.04960096191942902,0.007831166746206535,0.03717420953025305
428,4340.0,0.15618669209842193,0.049488038452942494,0.007915810166912878,0.03708053698570961
429,4350.0,0.15504743331794227,0.04997448707407699,0.00786606261090301,0.03705424284855542
430,4360.0,0.154651157423585,0.04996024459362134,0.007637059517521388,0.037669044722832966
431,4370.0,0.1542354368300719,0.049781226292143405,0.007890998146193925,0.037361963541507864
432,4380.0,0.15394410796472818,0.05004860216390313,0.007572011235500063,0.03721731828845211
433,4390.0,0.15447326884133145,0.05025244160483088,0.007658824466869023,0.03756524282005544
434,4400.0,0.15359375933490202,0.050394815154327324,0.007800153660341102,0.03767006855670523
435,4410.0,0.15387765340944,0.05043860308521714,0.00769777943472157,0.037558127198567756
436,4420.0,0.15383043332660404,0.050523023474083495,0.007692077010854846,0.037331369635671394
437,4430.0,0.15376087361220403,0.05091022969824139,0.00786807592638338,0.03786789367111775
438,4440.0,0.15269547746891643,0.050640638318077136,0.00786252043041971,0.038234823433572485
439,4450.0,0.1533506588585048,0.050767709112229026,0.007753722245353279,0.03807578183417177
440,4460.0,0.15223282906704305,0.05080458988896361,0.007826232591586244,0.03788278314861567
441,4470.0,0.15214395781051943,0.05051421684294539,0.007657857478360093,0.03832507949190066
442,4480.0,0.1517238162396657,0.051151092105336936,0.007870033496268932,0.03823294947401104
443,4490.0,0.151116471486967,0.051039040721275686,0.007779760664341717,0.038357302632213625
444,4500.0,0.1512971792024065,0.05173889765447328,0.007824770756807556,0.038484492697672144
445,4510.0,0.15047971902526755,0.05143622685333638,0.007827394525189931,0.03907683759327953
446,4520.0,0.15080599877415002,0.05094216383390119,0.007791225061459831,0.038784296147153535
447,4530.0,0.150841879766182,0.05161659755613002,0.00782556987366658,0.038649756384758836
448,4540.0,0.15024242478174146,0.05141951236899447,0.007750411295773063,0.03909045012100843
449,4550.0,0.14998719356350748,0.05146666203450544,0.00772075900876116,0.03878612390428821
450,4560.0,0.14936319095209505,0.051500176845474616,0.007918936444268068,0.03875922792488021
451,4570.0,0.14968785133332482,0.051729406896666615,0.007957164981901079,0.03927955319170534
452,4580.0,0.14924729773476425,0.05177147305135992,0.007883692763079568,0.039276400698118635
453,4590.0,0.14857903774012146,0.051689978731940665,0.007924934161029702,0.039318455662055656
454,4600.0,0.14791055005125833,0.052278266002288944,0.007868050860019925,0.03950295268340585
455,4610.0,0.1483750887078535,0.051501185039401286,0.007928656552387392,0.03914891337749775
456,4620.0,0.14840429162238922,0.05183900253901625,0.008021258938597859,0.03931474074006015
457,4630.0,0.14800875976590497,0.05196364246923762,0.007888055448684152,0.039640997932384354
458,4640.0,0.14801461028447957,0.052039820347892674,0.00788828044142599,0.039277107483302584
459,4650.0,0.1474672882129574,0.05232754916260188,0.007981328624591303,0.039905044619326514
460,4660.0,0.14786757211409707,0.05179515020620088,0.008099410083091896,0.03956223707275486
461,4670.0,0.14705738606236415,0.0524225953927971,0.008006823649779468,0.040014993670116024
462,4680.0,0.14696752750997835,0.05216018886695428,0.007982791515943293,0.03996709117606859
463,4690.0,0.14597910361271216,0.052523294168172266,0.007980423616666269,0.040209281125483255
464,4700.0,0.14527026385885922,0.05285201120544892,0.007830357235223446,0.040072446360137445
465,4710.0,0.14567951412839295,0.05241955152217564,0.007895538896696853,0.040429541757240436
466,4720.0,0.14586436554950982,0.052338201562030916,0.007972969424233691,0.04038006579485563
467,4730.0,0.14557668888096742,0.05263593885232553,0.00805202663549805,0.04051085559443213
468,4740.0,0.1450550077085547,0.05303940549204565,0.00798693414915492,0.040439323825338686
469,4750.0,0.14523633928269414,0.053163167588450876,0.007956338941720854,0.04058314686236217
470,4760.0,0.1444670348775015,0.052777145877095206,0.007950966305527446,0.04068264463606608
471,4770.0,0.1442335616098894,0.0526214752247069,0.007938476753441932,0.040462978056030566
472,4780.0,0.14347853563917903,0.05329351485594874,0.008167167642562513,0.0409269373483501
473,4790.0,0.14392116530489332,0.05305525159413482,0.00803343858988332,0.04103944243611292
474,4800.0,0.1437830924615585,0.052924083896464164,0.008168173948551896,0.04106073425229388
475,4810.0,0.14331380474275135,0.05326166225331318,0.00815779890208974,0.04107941837473161
476,4820.0,0.14301610714013432,0.053322374181786966,0.00811742409981651,0.04122411604105196
477,4830.0,0.1431180334979795,0.05317479941288499,0.008086989985488773,0.041469836768498754
478,4840.0,0.14282965071121811,0.05354463550248737,0.007959992038518658,0.041334472344456814
479,4850.0,0.1422484034776202,0.053561539901851696,0.00815368877655263,0.04101075490640858
480,4860.0,0.14172901995382967,0.05327648806555422,0.008126215587958252,0.041113145936367196
481,4870.0,0.14127085889735863,0.05384532548620043,0.007993656207986128,0.041293142757764204
482,4880.0,0.14102209144965683,0.05356240649633269,0.008075287359547387,0.04162417996339649
483,4890.0,0.1415642491670045,0.05358706794266242,0.008219232984642128,0.041200451745506135
484,4900.0,0.1417352558880534,0.05339969321894011,0.008169562072901074,0.041682148618759095
485,4910.0,0.14049528033017541,0.05405255776444134,0.008183728403181625,0.04218812881565826
486,4920.0,0.14043035061262113,0.05371085374435746,0.00796847848120619,0.041747478905741056
487,4930.0,0.14089952507610365,0.053587186057045086,0.00812496291108321,0.04177366112145629
488,4940.0,0.14067075843924712,0.053745079233824496,0.008171621363160901,0.0422204655970613
489,4950.0,0.13987280235192062,0.05379622234489116,0.008234610030221853,0.042032493730288514
490,4960.0,0.1394402191072883,0.05354678309584767,0.00818271036357916,0.042016071821785725
491,4970.0,0.13944096719740462,0.05418619991373939,0.008114586112906889,0.042095139302934535
492,4980.0,0.1386233586274416,0.05421869726938907,0.00830535604115461,0.04220433825844158
493,4990.0,0.13942943613102055,0.054385422210540185,0.008025059297107734,0.041909257365302856
494,5000.0,0.1391765248266102,0.0542587614897623,0.00819745714590211,0.04239762793094615
495,5010.0,0.13865550662344622,0.05415787886100333,0.008100878616782962,0.04222536199979312
496,5020.0,0.13839814075082235,0.054673414181170776,0.008039149387974879,0.042744160295171994
497,5030.0,0.13822930800394378,0.05406057945508262,0.008130636922252903,0.042452510175935126
498,5040.0,0.13759622697531265,0.054771584385743304,0.008164049439998013,0.042550657191084494
499,5050.0,0.1383447847310786,0.054401970289898585,0.008185532239349261,0.042976900772355685
500,5060.0,0.13742439226101,0.05407517286114723,0.00826273963150152,0.042824860104052336
501,5070.0,0.1376577739136923,0.05472938774827733,0.008308881030305987,0.04307586150256602
502,5080.0,0.1367275814816002,0.0549023092367087,0.00815883264758426,0.043154735462071096
503,5090.0,0.1365381389083943,0.05459847819898155,0.00809557176339399,0.042817807695551824
504,5100.0,0.13647830034495395,0.05467603420387596,0.008390140189015845,0.0429066893282245
505,5110.0,0.13571058351120802,0.05483903747160644,0.008273859944279288,0.04316847815892906
506,5120.0,0.13612602098390414,0.055016780743220195,0.008068347769311075,0.043467111265634684
507,5130.0,0.13628574312316002,0.05479877767469924,0.008135159200463298,0.04284765690546683
508,5140.0,0.13540015859886026,0.05475607859376678,0.008355466960880156,0.043314349253837064
509,5150.0,0.13545329610903298,0.05487580024775395,0.008267756971126526,0.04312732003714163
510,5160.0,0.1349427627185276,0.05525484284788282,0.008213610443460216,0.04283055002888315
511,5170.0,0.1349155400089221,0.055232996586360474,0.00833825943177255,0.043429834230787764
512,5180.0,0.13468415415645543,0.05522467659798454,0.008191498602583294,0.04345958820218895
513,5190.0,0.13420564411320537,0.05537051335944509,0.008251859776647942,0.0435828360916849
514,5200.0,0.1341748585300667,0.05518380541940771,0.008248756100998435,0.04364048654290923
515,5210.0,0.1345892544309626,0.054831009689477544,0.00821855180373517,0.04388262260145996
516,5220.0,0.13382979132139086,0.054510523353391495,0.008250601326938563,0.04413188647540608
517,5230.0,0.13391410361792647,0.05506450717046544,0.008161294927708763,0.04370052007145644
518,5240.0,0.13381183946080616,0.05540262773789261,0.008198683664984335,0.044175722920087084
519,5250.0,0.13320352901534754,0.05512294390712326,0.008214810321770512,0.04377195409782061
520,5260.0,0.13282173081347665,0.05518288401391303,0.008290199307440856,0.04383011527552329
521,5270.0,0.13223643104250324,0.055588543612332154,0.008353514167029681,0.04440645549287916
522,5280.0,0.13241621249899152,0.05540938367882329,0.008265842513762682,0.04408130257773845
523,5290.0,0.13250539883318366,0.05583910718364833,0.008237931068175676,0.044488453870089935
524,5300.0,0.1328445968919613,0.055109154962098644,0.008319945764014338,0.04437177307783449
525,5310.0,0.13186294924520456,0.05581069850660893,0.008278517216638113,0.04445002272364308
526,5320.0,0.1317022116729767,0.055448663731754166,0.008323283433508544,0.04466059420787079
527,5330.0,0.1317382339239423,0.0556482921805186,0.008379465249661877,0.04450536609982143
528,5340.0,0.1308367033689582,0.05551752848150821,0.008303717671473003,0.04464130136662341
529,5350.0,0.13110173330341185,0.05549633441161136,0.008251458487985194,0.044455045391755446
530,5360.0,0.130901070896106,0.055368532328120314,0.008335681401402978,0.044941506941530734
531,5370.0,0.131091903328231,0.05600532197322099,0.00835816754780821,0.044761344507566254
532,5380.0,0.1299045624047988,0.055892714267951685,0.008439048651266368,0.045004498756552866
533,5390.0,0.12965376828429984,0.05582080245414155,0.00832006055421378,0.04489705457146029
534,5400.0,0.1303994413385014,0.05601515415815792,0.0081341239593846,0.045107073326299985
535,5410.0,0.12918638124427542,0.055879706758986236,0.008261060168152147,0.044675319325848804
536,5420.0,0.1299383975040708,0.05595333209742263,0.008404589773821065,0.04519149416862194
537,5430.0,0.12912072717958317,0.05575519136153334,0.008418865733151102,0.045557073585016955
538,5440.0,0.12902416365266656,0.055586092871428384,0.008514457613677811,0.04495152645679703
539,5450.0,0.12898141518084877,0.05587706339184759,0.008282028198923173,0.045292327178499264
540,5460.0,0.12868888971626877,0.05576951631570759,0.008391644084945268,0.04529306952832057
541,5470.0,0.12853505020060188,0.056055718190198965,0.008409424678924898,0.04509860152447709
542,5480.0,0.128377821481002,0.05578552680243641,0.008370934860633833,0.04543612533502524
543,5490.0,0.12767051396399556,0.05663854329676619,0.008215046823537353,0.04518552976122941
544,5500.0,0.12813214997605304,0.05585339850691952,0.008443395564181139,0.045575324794132836
545,5510.0,0.12787543673971682,0.05580086007785382,0.008318209246131173,0.045601940175475864
546,5520.0,0.12735073950716236,0.055532353594150145,0.00837478034196736,0.045819411007776624
547,5530.0,0.12719757882216343,0.05623269053505902,0.008289270106778749,0.045318897843824694
548,5540.0,0.12756423266025074,0.05631856371213342,0.008520476735966016,0.04554398775145084
549,5550.0,0.12709839895684358,0.05646745441785705,0.008278035198926342,0.045875006926028604
550,5560.0,0.1264315016949717,0.05658583967037472,0.008447495342311987,0.045776261463460165
551,5570.0,0.12607542621125065,0.05629875943133534,0.008359962458006999,0.04616028494918278
552,5580.0,0.12657251005578538,0.05634544578705982,0.008355149101851197,0.04584424500663262
553,5590.0,0.12612695337417978,0.05616754256077869,0.008375127906602352,0.0462032132233534
554,5600.0,0.1256905204558868,0.056760185406103295,0.008297169959696163,0.04638237678190728
555,5610.0,0.12572046383332575,0.05634353727387053,0.008222306490236107,0.04594975306430863
556,5620.0,0.12600096518641454,0.056132145005122765,0.00851348089969684,0.04656624294403696
557,5630.0,0.12552730075366467,0.056450328428830986,0.008349106873695382,0.04639083771785226
558,5640.0,0.12536362721201913,0.05642582275875127,0.008494078796872851,0.046393481778231695
559,5650.0,0.12495706542897846,0.05659756469530854,0.008511737852623116,0.046546259281019936
560,5660.0,0.1247302913111149,0.0563457918235583,0.00834607597724831,0.04652185387695077
561,5670.0,0.12418175275904433,0.05690421910439018,0.008389494443299323,0.04667632485155983
562,5680.0,0.12437720751982055,0.056585228377584236,0.008486083279927871,0.046764326005940736
563,5690.0,0.12386753824507075,0.05657644229724767,0.008412726101999455,0.04669203593004462
564,5700.0,0.12353311122322395,0.0563081158133765,0.00844951848793545,0.04673666400633658
565,5710.0,0.12384787104914032,0.05641859492512173,0.008294570498229558,0.04654215299452717
566,5720.0,0.1235452091134757,0.05651060915597446,0.00834728849300873,0.04679820973031377
567,5730.0,0.12349007914471265,0.05683666827024,0.008378479791374634,0.04672890148178931
568,5740.0,0.12354563340799636,0.05677194839907108,0.008269572410352427,0.0471187787123199
569,5750.0,0.12237863226827338,0.05691393714214185,0.0084512379888315,0.046914168028649283
570,5760.0,0.12226675043025943,0.056498992567812906,0.008419923850555091,0.04734423096530436
571,5770.0,0.12263877288023148,0.05708181039736653,0.008338641347674241,0.047095762767018
572,5780.0,0.12238386448590155,0.05649054719992125,0.00844656363730361,0.046635416216797954
573,5790.0,0.12214700624738029,0.05635360691715725,0.008317683954492335,0.046978940798942
574,5800.0,0.12239511579087096,0.05668003028402462,0.008515187988940496,0.047162460925275936
575,5810.0,0.12215527974199507,0.05685951747956178,0.008326096143644462,0.04715853812197972
576,5820.0,0.12158967462197236,0.05719357540629649,0.00840615646738074,0.04734463656065647
577,5830.0,0.12144289614090059,0.05681786397540738,0.008184765218536009,0.046775705966462466
578,5840.0,0.12149385391038307,0.05701792496987429,0.008361435482065575,0.04737491796240987
579,5850.0,0.12132420387504438,0.056727192229197886,0.00844545792436691,0.04703241136642945
580,5860.0,0.12055037637246113,0.056672493308120395,0.008520990346056035,0.04747284770403155
581,5870.0,0.12061258152210932,0.057059530458459504,0.00844244606661424,0.047841686750636464
582,5880.0,0.12040819001659955,0.056871864317168536,0.008372240461397859,0.047827362154733655
583,5890.0,0.12014851543709662,0.05711319829175213,0.008264811380496022,0.04813821764247201
584,5900.0,0.12027616446011041,0.05690533582413454,0.008424523289090899,0.047625034645467745
585,5910.0,0.12009132428059398,0.05666267426398253,0.008380250253160495,0.047548192263119
586,5920.0,0.1190940742353779,0.05680667444769695,0.008318557629651514,0.04765056813924083
587,5930.0,0.11942492583482783,0.05722361746238506,0.008301898764090031,0.04789669713749513
588,5940.0,0.11961253854462792,0.057087021430813116,0.008361794507869495,0.04787938189926034
589,5950.0,0.11885656588132534,0.056694804856478105,0.008509108063816714,0.04798848852435447
590,5960.0,0.11869220220619761,0.05673180708870214,0.008604135688390979,0.048153360499699274
591,5970.0,0.1185238973425148,0.05654704084308855,0.008446569929654146,0.04785163999123058
592,5980.0,0.11915537339253525,0.05708008069822976,0.00837847266977773,0.047962921615416196
593,5990.0,0.11808477186552545,0.05673045704432244,0.008311610178179999,0.04784406027003003
594,6000.0,0.11822020225515682,0.05681434874513315,0.008357150419589784,0.048017079993157484
595,6010.0,0.11797171262397532,0.057028584831741176,0.008531086026363117,0.048409111382909265
596,6020.0,0.11776285173182471,0.05658297308661087,0.008330301653643223,0.048723638057424294
597,6030.0,0.11764677989838632,0.05714175395611561,0.00837049980340793,0.04798759145804842
598,6040.0,0.11729290384410862,0.056959460868427056,0.00835869751081508,0.04851518520772933
599,6050.0,0.1166897549127546,0.057260079575404445,0.008399362548390002,0.04850898209444647
600,6060.0,0.11686876646099582,0.056947927797249685,0.008241232504063301,0.04872270586758078
601,6070.0,0.11622448062924527,0.05671559813464984,0.008367675502200196,0.04833910438657489
602,6080.0,0.11647790657378934,0.056884950185206576,0.00838514777973983,0.048905582838115504
603,6090.0,0.11673217407953786,0.057216814502445035,0.008425200280922272,0.04869591146823209
604,6100.0,0.11624144616025688,0.05727223925709673,0.008401916316713767,0.04839205614576193
605,6110.0,0.11614244282235761,0.057131563054914854,0.008356426986454314,0.048748336543148196
606,6120.0,0.11543421031860678,0.05718111581620866,0.008358841604128595,0.0486788698870555
607,6130.0,0.11570745131757552,0.056913347079174954,0.008284843759516892,0.04888633560102484
608,6140.0,0.11515006088219187,0.056968276596620925,0.008403832054409045,0.04850867978558661
609,6150.0,0.11529511835875383,0.05727949881018381,0.008323315527260906,0.048809956138503065
610,6160.0,0.11564170229624736,0.05656914509685508,0.008509609043505081,0.048876299153116774
611,6170.0,0.1155717469133815,0.05695858466441163,0.008261282669192082,0.049077788523933095
612,6180.0,0.11465707622234962,0.0573930730508872,0.00843422019779645,0.04921037364376469
613,6190.0,0.11496923232526403,0.05708583111671393,0.008255346863424615,0.049000919355901604
614,6200.0,0.1144222464829296,0.0573976722798802,0.00838315059356971,0.0491862128367105
615,6210.0,0.11426026490726038,0.056853013279295914,0.008502707010731,0.049656137867505036
616,6220.0,0.11384953844701039,0.057081899520805425,0.008363280640597642,0.04889631597034836
617,6230.0,0.11391895927911362,0.05725528766999883,0.008391087796871815,0.04905976184880812
618,6240.0,0.11331682683077035,0.057131660441162205,0.008383936044181634,0.04893882761536193
619,6250.0,0.11350394087978963,0.057142347394250996,0.008360777705875917,0.049266881080268624
620,6260.0,0.11397534835474872,0.05778231812978666,0.008367085241465864,0.049677931867439594
621,6270.0,0.11307038727030783,0.05714420350818672,0.008291339235265921,0.049195279462577804
622,6280.0,0.11267001340564022,0.05739947037830234,0.008346863441539972,0.04975327689633266
623,6290.0,0.11293214109213905,0.05700035740930518,0.00843148584174622,0.049515461991921667
624,6300.0,0.11277678962788061,0.05731222197393238,0.00833881982673587,0.049594161997886
625,6310.0,0.11279503730491304,0.05725592713709395,0.008338825279335065,0.049555426426278304
626,6320.0,0.11215081364639816,0.057132516334275636,0.008213862407905217,0.049701157978247784
627,6330.0,0.11220754937308816,0.0569313498130065,0.00835172007506117,0.049887263092062706
628,6340.0,0.11273437785941519,0.057269999842358324,0.0084778704826933,0.049684451852419
629,6350.0,0.11163839090798716,0.05701440000002697,0.00839866930156031,0.04976338496249332
630,6360.0,0.11129846871189936,0.05694186771400081,0.00840211682733235,0.049731774549977126
631,6370.0,0.1114829352064007,0.05718895348242122,0.00836262663703121,0.04982694867749995
632,6380.0,0.1115225271010678,0.056905166731344395,0.008195295119823481,0.049624833495610206
633,6390.0,0.1109244597666252,0.05695912880911158,0.008315926972890759,0.05003025868765748
634,6400.0,0.1108081193256666,0.056968748382159054,0.00832740775469383,0.049998844081808685
635,6410.0,0.11085316582609153,0.056774689103563473,0.008200513175514356,0.05026270490289436
636,6420.0,0.11062066074850167,0.05772990794883933,0.008350415481693272,0.04987904905081769
637,6430.0,0.11044806379106885,0.05715036834419214,0.008319609214029362,0.04966542535678068
638,6440.0,0.11028283559103046,0.057138672267132776,0.008355990509593235,0.050029274225675484
639,6450.0,0.11011545518454413,0.05748567009619679,0.008326190262150234,0.04998097608701061
640,6460.0,0.11014369801371819,0.05713808359505628,0.00820628804226839,0.05003109258916284
641,6470.0,0.10968048272541284,0.05688685002361389,0.008422459945855287,0.050164089066267674
642,6480.0,0.10949664661025192,0.05675993786964694,0.008324685498442022,0.050054029042379364
643,6490.0,0.10940069497604234,0.05731278374072764,0.008261415790091682,0.04998629534825511
644,6500.0,0.10918747787527831,0.056985067456397955,0.008296863409606043,0.05088753382959245
645,6510.0,0.10971563901036314,0.057186885979330825,0.008311910093618157,0.050364980223517514
646,6520.0,0.11011754674196302,0.05698288296715799,0.008260780986852472,0.05045442941085004
647,6530.0,0.10921804890116368,0.05728957391670553,0.008172100234013536,0.0503457641592535
648,6540.0,0.10872651461977222,0.05684180143193545,0.008325084592225236,0.05080309535736016
649,6550.0,0.1083050213253195,0.05713475476175713,0.008255390333652633,0.050775661411043296
650,6560.0,0.10895293860959566,0.0566677059507614,0.008284076696460767,0.05035394677991946
651,6570.0,0.10852466337316145,0.05721968529082242,0.008340314132500238,0.050435626838276425
652,6580.0,0.1082533654490661,0.05693423379645918,0.008247912610023606,0.05046883138353232
653,6590.0,0.10778191327819674,0.05716674248158471,0.008320962897755095,0.05102989617762039
654,6600.0,0.10790614165089359,0.05693330605480714,0.008225013594368813,0.05090204431290405
655,6610.0,0.10773782349053813,0.05690727338615331,0.008267133995324315,0.05070963571255372
656,6620.0,0.10693387154703927,0.05718055180053149,0.008291187752615585,0.0509927400632153
657,6630.0,0.10712021934436974,0.05719884068088648,0.008400403021576379,0.05092289973814183
658,6640.0,0.10694696451713806,0.05699057148751608,0.008330435198490464,0.05054090380259761
659,6650.0,0.10733068833173721,0.057109278755160024,0.008278406962562922,0.05073688085276958
660,6660.0,0.10666867058562862,0.056845300630409705,0.00821843070471344,0.051127662780194046
661,6670.0,0.10658201188333129,0.056907538221422416,0.008339162317339256,0.05116566869330699
662,6680.0,0.10645913225715796,0.05691356797240723,0.008395133186935964,0.05115074199999242
663,6690.0,0.106127750356557,0.05722310146392854,0.00825250613682996,0.05094898836120203
664,6700.0,0.1058938223853158,0.05695811040573567,0.008262718317952222,0.05101822925849343
665,6710.0,0.10603597568170471,0.05708066304744677,0.00819945336449378,0.05123951700953385
666,6720.0,0.10574303602676656,0.05685271965850826,0.008325718471055071,0.051286975334073566
667,6730.0,0.1052029407436102,0.05679527881846471,0.008102955485143063,0.05124209797874991
668,6740.0,0.10531308627175383,0.05690465766442989,0.00821332561911425,0.05134241103681863
669,6750.0,0.10549804639989897,0.05681331090572972,0.00843588820084274,0.051170622116383326
670,6760.0,0.10548070741042928,0.05667291498624259,0.008183978882139252,0.051454299880878476
671,6770.0,0.10484742365655021,0.05669067001236053,0.008347473790322713,0.05140509872003162
672,6780.0,0.10473738937248178,0.05672713862645012,0.008283919847455667,0.05116667853878479
673,6790.0,0.10473457512901775,0.05657373495866761,0.008209028194093295,0.05125508203379701
674,6800.0,0.10383489332157776,0.056787205128986044,0.00830679146572622,0.051357929661191126
675,6810.0,0.10481179214893657,0.05691474940449703,0.008227129733527438,0.05129094121052609
676,6820.0,0.10478231764971202,0.05680668945299612,0.008160604918571826,0.051504741803733135
677,6830.0,0.10392485942359411,0.05700449265560784,0.008271570443918715,0.05158036408299994
678,6840.0,0.1041028455067707,0.05663660143543915,0.008277189475477053,0.05171367019045783
679,6850.0,0.10332668060327899,0.05686185167295307,0.00805930149259353,0.051408914813479624
680,6860.0,0.10371593413480498,0.056608435102092715,0.008174006405777794,0.05175923272941177
681,6870.0,0.10358609679468518,0.056798851562091156,0.00810868473287983,0.05170723036455397
682,6880.0,0.10355500305152847,0.0566721779647481,0.008072262789192833,0.05131428999443095
683,6890.0,0.1028478140796941,0.056720591826412536,0.008287157536875192,0.05195089214315436
684,6900.0,0.10329782723150956,0.05657824216791479,0.008182551427215332,0.05210961939467476
685,6910.0,0.10296235775762441,0.056878411239095594,0.008361322769223812,0.05188794191285396
686,6920.0,0.10312204113054782,0.05673901611020253,0.008200039096447807,0.05179479849227012
687,6930.0,0.10282812899261264,0.05695460936972362,0.008262683733973583,0.05192798298630252
688,6940.0,0.10180745003386703,0.05692966739748722,0.008237154950819451,0.05169550323918514
689,6950.0,0.10201835517986918,0.05656790788664894,0.008137248654329462,0.05220170540996563
690,6960.0,0.10208220694838363,0.056449969868088395,0.008190779941644199,0.052122876752971135
691,6970.0,0.10240070556589682,0.056487449726928596,0.008208836207287719,0.05220345873153485
692,6980.0,0.10149911527185253,0.05664603999646199,0.008166055167468387,0.05201361420574216
693,6990.0,0.1017163916241843,0.0565088617767524,0.008171370942919965,0.052354910270645316
694,7000.0,0.10122015780072562,0.05630032485343878,0.008204268109481307,0.05184438173647674
695,7010.0,0.10151309261649022,0.056693759274875855,0.008316929321521213,0.05211952134755795
696,7020.0,0.1011930848341355,0.05670427050755552,0.008212655464269908,0.05195885551056179
697,7030.0,0.10155381055362313,0.0569162980532138,0.008235040352309193,0.05231303175019335
698,7040.0,0.10077456580829548,0.056265312691372624,0.008290839133706812,0.05220382327420023
699,7050.0,0.10033205583711975,0.05678587490162757,0.007981256975514165,0.0520657375281374
700,7060.0,0.10078067340955388,0.05638504289783277,0.008157256587004062,0.05217789940415166
701,7070.0,0.10085722836761611,0.056545814870823316,0.00828693046671013,0.05278635333551395
702,7080.0,0.10009889550899274,0.05645496514092062,0.008051842644976697,0.05240620839542725
703,7090.0,0.1003729420142166,0.056191764004006765,0.008276822580344387,0.05227268778833557
704,7100.0,0.10001953698515119,0.05631754779066357,0.008012115677701987,0.05236172378488432
705,7110.0,0.09986779268201255,0.05633816261176589,0.008157195521021735,0.05242155171266539
706,7120.0,0.10023365003852476,0.056705030162523026,0.0080940187599494,0.05281819836899054
707,7130.0,0.09960343104732322,0.05622599990932856,0.008055036552213709,0.05266832273467486
708,7140.0,0.0997530473119108,0.056339052365242386,0.008173918052198652,0.05231797138915417
709,7150.0,0.09950647747739684,0.05606266946197093,0.008148363891934735,0.052659313664087264
710,7160.0,0.09896556854530596,0.05616150825294368,0.008110544891577925,0.05302110985963469
711,7170.0,0.09901190829053388,0.056189848974517224,0.008035001543930454,0.05278772501480558
712,7180.0,0.09906284089464057,0.05656018532924198,0.00800034825207223,0.052396768013526926
713,7190.0,0.09882756679822037,0.05619688000539683,0.008023532265036631,0.05283998673073817
714,7200.0,0.09828073997044953,0.056258284609527635,0.008024868958888227,0.05292374676096951
715,7210.0,0.09860493049158729,0.056124575410025884,0.008097603917519859,0.05310756951537795
716,7220.0,0.09835010145896929,0.0562377618129179,0.008124109646737283,0.05291911281974544
717,7230.0,0.09823440065539249,0.056170254216903165,0.008101001094810843,0.052790695477963674
718,7240.0,0.09810543101431557,0.055883235256102476,0.008012888671862884,0.05268488478835253
719,7250.0,0.09814455830972314,0.056145575685220064,0.007944259503588682,0.05270707906511192
720,7260.0,0.09784864502011395,0.056215241564850985,0.008068023122412922,0.052888331066082116
721,7270.0,0.09761383461308916,0.055964841507013946,0.00810059252518344,0.05318202812297036
722,7280.0,0.09773706372447132,0.05597860681862159,0.00814475531037261,0.05287597732603944
723,7290.0,0.09797656152112835,0.05563317000773584,0.008021320533272602,0.052709925659965476
724,7300.0,0.0971256308344402,0.05587921006523191,0.008145567303088054,0.05300380794271325
725,7310.0,0.09752680071610201,0.05551979627191598,0.008022649209422411,0.05313485527018351
726,7320.0,0.09659901792411314,0.05638949273843354,0.007937897968573644,0.053118596586276275
727,7330.0,0.09669208092368373,0.055714291018167515,0.007863765931891356,0.05323951762195465
728,7340.0,0.09678669162300287,0.05599112208065003,0.008166945225810384,0.05306976102299286
729,7350.0,0.0962818679936919,0.05591352183328788,0.007998608161249612,0.053263363765558305
730,7360.0,0.09643311294686704,0.05563669036153979,0.008075775717496663,0.053022501853299465
731,7370.0,0.09625217987521546,0.05526589682132755,0.007934357825484814,0.05307391198637062
732,7380.0,0.09590677767087849,0.055556721405173724,0.008120320271423606,0.05319414319852985
733,7390.0,0.09581988029937748,0.05605400479105383,0.008045424486206973,0.05346852128754301
734,7400.0,0.09627649208233176,0.055798433621469086,0.00803368594156867,0.05301455178378413
735,7410.0,0.09534281069811736,0.05570603645266366,0.007942462228602435,0.05331796169131962
736,7420.0,0.09553566939763694,0.05573593959958107,0.007845029347800455,0.053128535609579704
737,7430.0,0.09497132362800709,0.05592817075744673,0.007886208893703553,0.05291269319254293
738,7440.0,0.09510868721382086,0.055490990059329434,0.007846276988249789,0.05356494773902054
739,7450.0,0.09520280866338976,0.05571564053002971,0.007982527256898448,0.053502792398776505
740,7460.0,0.09543016248914458,0.05574891819904514,0.007917693374891508,0.05336419499699033
741,7470.0,0.09562708175942124,0.055578038914518096,0.00792340642906995,0.05341179418061106
742,7480.0,0.09423280796926736,0.05562928257123438,0.008035020412854907,0.05392107691566034
743,7490.0,0.09478754935576289,0.055479604137909755,0.007849786916388646,0.05349657230326262
744,7500.0,0.09428882625267641,0.05567087949106689,0.007979547418947498,0.05373341912563704
745,7510.0,0.09413954064884676,0.0552977681581708,0.00801441653320314,0.05365053090732769
746,7520.0,0.0942048181165016,0.055481334407266394,0.008081630689405334,0.05378504625749015
747,7530.0,0.09384287101610476,0.055432543914332284,0.007909691254971873,0.05391299503033657
748,7540.0,0.09400866994271133,0.05488777128771676,0.007981291227968371,0.054229289278359474
749,7550.0,0.09404481795154791,0.05541041040350215,0.007983719463410794,0.053892484507224725
750,7560.0,0.09391823329759989,0.05542877697744279,0.007950943640514449,0.05393297434474836
751,7570.0,0.09319030295467408,0.05553093893714111,0.00786528052838403,0.05429657199471307
752,7580.0,0.09330259989317449,0.05545614036030888,0.007898897898068023,0.05341539989530142
753,7590.0,0.0938513277256315,0.05490251941502023,0.007898392460196028,0.053851384544493154
754,7600.0,0.09302547257436525,0.054960637330692105,0.007952395260711339,0.053790730625529734
755,7610.0,0.09309471283491476,0.055119844763325786,0.007929990400248286,0.05399007421609041
756,7620.0,0.09257792826853872,0.05503990423156705,0.00799536653228289,0.05375193363497599
757,7630.0,0.09290947683232025,0.05518065963474793,0.007812046471839047,0.053556966182713106
758,7640.0,0.09284135068148926,0.054844447451154146,0.007990906191734079,0.05391428905846553
759,7650.0,0.09241875495075663,0.055181304733553524,0.007897493084506926,0.054025819104140935
760,7660.0,0.09265695631253608,0.054991957161401275,0.00809676569512452,0.0539784379674968
761,7670.0,0.09221262015995439,0.05484083494779655,0.007789131560785011,0.05411006063054865
762,7680.0,0.09213123448871241,0.05473753809167489,0.007893816983680857,0.05371319038096814
763,7690.0,0.09209556045884208,0.054852190564343394,0.007858625372100353,0.05376357004609168
764,7700.0,0.09148262904986271,0.05493018607765479,0.007723631656502017,0.0541426445977684
765,7710.0,0.0917656277402955,0.05499154004445625,0.0077061047153703715,0.05405712413653398
766,7720.0,0.09153672631963183,0.05493995943824099,0.007866489280496316,0.05420907296585057
767,7730.0,0.09146085375846694,0.0548725313691712,0.007924616882779319,0.05385740546238517
768,7740.0,0.09137031872811469,0.05479699477742274,0.00793821085495638,0.054102102948489036
769,7750.0,0.0911960506831082,0.05467002916548922,0.008034693373581368,0.05450871383732713
770,7760.0,0.0908174668655452,0.054917910839207884,0.00793026021862228,0.05413241605414108
771,7770.0,0.090963969017703,0.054434747155617746,0.007882753334259009,0.05438137846453826
772,7780.0,0.09094085197638385,0.05437059901233846,0.007851464330772218,0.05442204509918324
773,7790.0,0.09070907120999067,0.05491720320348815,0.00785368473427091,0.05407126985197615
774,7800.0,0.09095569858952511,0.05456751038161094,0.007832405689136962,0.054531401218752384
775,7810.0,0.09050102619679011,0.05478339280933186,0.00784775152147856,0.05438916858128032
776,7820.0,0.09025321645684366,0.05471904473851975,0.007836019490717676,0.054529569367634756
777,7830.0,0.09003808836194653,0.054254289869332666,0.007786477144864821,0.05444650013638474
778,7840.0,0.08994529353899249,0.05458270157423018,0.00776347845222987,0.05425136553367449
779,7850.0,0.0898710751318107,0.054197547903858986,0.007921370495816309,0.05430829074796168
780,7860.0,0.08936539429816023,0.05434103900550615,0.007856441574834614,0.05435927950004143
781,7870.0,0.08974016985352541,0.054296288638887524,0.007816184401095555,0.05435818739831601
782,7880.0,0.08970556837180806,0.05459339898247711,0.007908879295533473,0.05469103946760715
783,7890.0,0.08934008093030375,0.05444140865306095,0.007820995296110857,0.05439264933076599
784,7900.0,0.08925227463782864,0.05459487602764632,0.007706826066048953,0.054257402806902374
785,7910.0,0.08871980997982881,0.05436103543403916,0.007733767278764177,0.0545183653167298
786,7920.0,0.08924525491172206,0.05411358421281116,0.007867963061627547,0.05434636418504866
787,7930.0,0.08876012390696301,0.05449041398277053,0.007861168294531156,0.054506553360890206
788,7940.0,0.0883796225294194,0.05423374081392012,0.007809797827277144,0.05455198218376875
789,7950.0,0.0886388362069363,0.05414204700493463,0.007747924732052111,0.05444101058711111
790,7960.0,0.0882567376524092,0.054009468067236326,0.007972323654936891,0.05454619053480311
791,7970.0,0.08812362419351608,0.05422497459498836,0.007612723301680751,0.0544977075632953
792,7980.0,0.08821619095607991,0.05415813064851108,0.007822327649128425,0.055125973616585056
793,7990.0,0.0882646406606258,0.054039026731986795,0.007823107305939611,0.05459324358863198
794,8000.0,0.08806389894646123,0.054264117526687,0.007731611929469296,0.05479702293015966
795,8010.0,0.08774312851248169,0.05406906681759314,0.007684074124064674,0.05434258509147036
796,8020.0,0.08773876751392742,0.053907255710438876,0.007761530922539463,0.054740764421261294
797,8030.0,0.08752449096056399,0.05398067233564285,0.007828551091825758,0.054783895341394155
798,8040.0,0.08782105426820254,0.05364049780382208,0.007696461656014903,0.054857541466981075
799,8050.0,0.08714933999811988,0.053750786728621436,0.007741024222168766,0.054947340805529925
800,8060.0,0.08715192181098266,0.05376834735994342,0.007705416216079958,0.054971187408839446
801,8070.0,0.08720280737676386,0.05416360445976144,0.007739740375619012,0.055012307462214464
802,8080.0,0.08690819667781094,0.05386951343211624,0.00760343689035025,0.05475463667252058
803,8090.0,0.08668840063999297,0.053718095670531284,0.007619623921431643,0.05493490812279178
804,8100.0,0.08697345813129104,0.05387859260252887,0.007572928500906184,0.05481992118901083
805,8110.0,0.08652708696436233,0.05347880098850552,0.007641721946258211,0.055160623516111285
806,8120.0,0.08646327858448478,0.053666384173997696,0.007725633622190381,0.054978058154420195
807,8130.0,0.08656322838062523,0.05336901504609628,0.007753245900758291,0.05511349537376689
808,8140.0,0.086652715382154,0.053477337881505646,0.00764420050512428,0.05501460307603015
809,8150.0,0.08615904545077947,0.05363149386758687,0.007520705016898943,0.05502938042132911
810,8160.0,0.08593557075286413,0.0535083300147736,0.007615051742759997,0.05520474002788598
811,8170.0,0.08589343864625953,0.05314081043352045,0.007629126250356897,0.054842644261288896
812,8180.0,0.08564787332655455,0.053415319802733584,0.007601139465199762,0.05503035116063405
813,8190.0,0.0857652229050052,0.053356555711520176,0.0077609308317011915,0.05501398754963191
814,8200.0,0.08537765346781057,0.05347153242779256,0.007721196388489918,0.05498605558743653
815,8210.0,0.08512654375046123,0.05318895665229317,0.007534769366197998,0.05512413304823321
816,8220.0,0.08545163639049436,0.05325524738031523,0.007611538068463511,0.05530486671627486
817,8230.0,0.08523545410450266,0.053217266240083126,0.007553466453825013,0.054985613494135936
818,8240.0,0.0851840330979536,0.05340194921746173,0.007562667894341903,0.05531279903770233
819,8250.0,0.08504510446567193,0.053149005915688566,0.007652137688783835,0.05525359174308821
820,8260.0,0.08467295142550184,0.052734093751730986,0.0075987117481656034,0.05538194206091335
821,8270.0,0.08483881983611605,0.05328772356445839,0.007703691001719843,0.05521874257427125
822,8280.0,0.08467594697035488,0.052932484942662325,0.00746332008753634,0.0551420123830828
823,8290.0,0.0846634196917723,0.05295136965001235,0.007648970176323894,0.05542632698955089
824,8300.0,0.08448264142675481,0.053168490717877576,0.007479893353159493,0.05535133417271649
825,8310.0,0.08392735991701741,0.05320321526357486,0.007491998106513607,0.05510743913970688
826,8320.0,0.08381900325951133,0.05322165979323443,0.007591166595648264,0.05530838646194518
827,8330.0,0.08387417684655285,0.05263538154366161,0.0075521688862198975,0.0552060849254932
828,8340.0,0.08405214824373015,0.05259832063555512,0.007564999766099928,0.05572874989715901
829,8350.0,0.08397714277978303,0.05297849039612687,0.007695148393453058,0.056047239377357456
830,8360.0,0.08378616611269367,0.052722545922029254,0.0076069180151942,0.055348277912161396
831,8370.0,0.0835341355684596,0.052754160072657534,0.007452932303001935,0.05561860620352951
832,8380.0,0.08340407758960211,0.05247615886390492,0.007462855526766988,0.05554209934689432
833,8390.0,0.08366668994597057,0.05250892211183058,0.007522080267247347,0.055389420606911446
834,8400.0,0.0831369591548612,0.05242586833028573,0.007474113012934284,0.05536258330899421
835,8410.0,0.08313392869586489,0.0526407606931701,0.007474220497534153,0.05558454337023937
836,8420.0,0.08311099174905946,0.05241862637887141,0.007565036733451019,0.05551214485051853
837,8430.0,0.08273337334545013,0.052502122011941134,0.007499436708573351,0.055879142925272025
838,8440.0,0.08261695452743299,0.052695925175831645,0.0075625776970162486,0.05556079473241704
839,8450.0,0.08244131304576702,0.05234793500955681,0.007386325449727144,0.05571140507511643
840,8460.0,0.08258317862376728,0.05225615576261165,0.00742692736057468,0.05573881190533476
841,8470.0,0.08222290729369465,0.052503348570902275,0.007394337086118924,0.05595556576317473
842,8480.0,0.08255411243368554,0.05252523475859537,0.007434930353594184,0.05598968820726821
843,8490.0,0.08194387873036196,0.05235189702819028,0.00741755171911567,0.05571798645114258
844,8500.0,0.08179983642593598,0.05230041038034151,0.00744491322283295,0.055808346440684976
845,8510.0,0.0819778999869417,0.0522317362772688,0.007493990857329297,0.05587793182890932
846,8520.0,0.08177115409146088,0.05220727609815348,0.007576949159514944,0.055798690102932265
847,8530.0,0.08169159259253608,0.05222142391536208,0.007509902179107143,0.055803327506130616
848,8540.0,0.08156674172535856,0.052320417701527844,0.007489212053709781,0.05586765589754707
849,8550.0,0.08130728831093195,0.0520042802227997,0.007387443508791613,0.05576193407485328
850,8560.0,0.0814652724773561,0.05214946682356119,0.007416942975329295,0.05565481202769816
851,8570.0,0.08127385879303775,0.05229459642615018,0.007433236162392832,0.05592489228697602
852,8580.0,0.08137862532750552,0.051698628041709084,0.007475402379139041,0.05605244688087065
853,8590.0,0.08096385542419103,0.051988100551957586,0.007413357132461936,0.055702513760461585
854,8600.0,0.08094996829376214,0.05191877399606091,0.00738529522028045,0.055958248146324566
855,8610.0,0.08111188003676915,0.05196578055351882,0.007502433978554423,0.05605160479419004
856,8620.0,0.08137311340597678,0.05193109987563002,0.007369238215733752,0.05537232803953462
857,8630.0,0.08063247720339728,0.05168407667155548,0.007465313618120646,0.05610063538112824
858,8640.0,0.08038518856388238,0.05179992307215062,0.007326879406508482,0.05588521698119522
859,8650.0,0.08055576289145029,0.051647826039881876,0.007553649201361531,0.055875913726527615
860,8660.0,0.08019520808045943,0.05216519694217979,0.0073935667364492365,0.0560222999972917
861,8670.0,0.08030771651078551,0.05161503357530214,0.007316545827135573,0.055934539465199655
862,8680.0,0.07959004566029552,0.05162085507474212,0.007444172822459222,0.056112541395217444
863,8690.0,0.08001429768493948,0.05187364128053425,0.007248457432169178,0.05619048735189967
864,8700.0,0.07977981988694152,0.051557884483373104,0.007428645633358584,0.0561823937372546
865,8710.0,0.07961636164369777,0.05178663540838655,0.007359874383840983,0.056271750936024316
866,8720.0,0.08001181684335607,0.0515090701527562,0.007336952514373574,0.055702199670622246
867,8730.0,0.07966418858025026,0.05146691252689141,0.0074011053601377285,0.056089388046844726
868,8740.0,0.07987598586472659,0.05153907067181891,0.007399167732481251,0.05615836962780504
869,8750.0,0.0796433916984523,0.05101819433946406,0.00730997562645285,0.05623327348831848
870,8760.0,0.07934591569086734,0.051134422167365724,0.007251427130479208,0.05622297975604068
871,8770.0,0.07883521692885127,0.05129338919159613,0.0072287865677508,0.055759286401510594
872,8780.0,0.078970338278162,0.050898705677283586,0.007237399237492729,0.05622804218255543
873,8790.0,0.07861973769158208,0.05146371742156842,0.007328889926016435,0.05660007575385951
874,8800.0,0.07860308436929975,0.05126959302534464,0.007274731708277999,0.05604822412913092
875,8810.0,0.07902515166677558,0.05124404913348708,0.0072730497514647205,0.056270498563252946
876,8820.0,0.07867904671956187,0.051053599869319934,0.007378181891435133,0.05648444070424918
877,8830.0,0.07825598185833854,0.05128287662677395,0.007219901731821945,0.05671222426978355
878,8840.0,0.07827281182680725,0.05126526453903524,0.007353232142034155,0.05627359553347257
879,8850.0,0.07769638038460289,0.0511481488012705,0.007171087291670029,0.056652050470985746
880,8860.0,0.07824103946953609,0.05074529642378453,0.007254577155393733,0.05642104426789837
881,8870.0,0.07776306017707663,0.05069152573935148,0.00729635091761142,0.056200675428972946
882,8880.0,0.07782371021213567,0.05070290950645122,0.007252770872178265,0.05607112919894542
883,8890.0,0.07797017268972954,0.0508753658386453,0.007409801307040415,0.05638001878860343
884,8900.0,0.07796205137294676,0.050533376059518985,0.007380636493412449,0.056476122148754915
885,8910.0,0.07749585092633977,0.05077850599465619,0.007169295246154931,0.0564178942169905
886,8920.0,0.07740686875665588,0.05086533005046663,0.007183535708991001,0.05672198882713107
887,8930.0,0.07710202490482247,0.05082529051090283,0.007238311913545386,0.05631094731420866
888,8940.0,0.076933181146285,0.050653658621600726,0.007241038047768214,0.056427919374450505
889,8950.0,0.07680341494983173,0.05053191036257767,0.007173165206066514,0.05622557474823221
890,8960.0,0.07681483213376245,0.050593974624998296,0.007306249779816307,0.0564868451384055
891,8970.0,0.07692597409215213,0.050528260567047664,0.00722861387575864,0.05641767502655817
892,8980.0,0.07707436603858746,0.05030209121969048,0.007213661210238929,0.056778494687041894
893,8990.0,0.07600921455528724,0.05083952642300599,0.007209080458380831,0.05625214916942658
894,9000.0,0.07648249369200563,0.050556570071583054,0.007091755725238746,0.05637399498038431
895,9010.0,0.07647136742919206,0.050465903444884046,0.007175830798225545,0.05685622433528682
896,9020.0,0.07642923774825344,0.050400764147397956,0.0072542622883057005,0.05676488445351498
897,9030.0,0.07638124965939096,0.050390001065474345,0.007209029476109724,0.05673971332704388
898,9040.0,0.07609220074510362,0.05048169502552638,0.007207491064365405,0.05647837260273219
899,9050.0,0.07625829562439013,0.05019550467736405,0.007225417272729826,0.056552612153308784
900,9060.0,0.0762945398127328,0.04999173054631516,0.007174156911456309,0.05656687146086061
901,9070.0,0.0755770621806326,0.05000858588250879,0.007097068417762137,0.05658624740029591
902,9080.0,0.07547751466990194,0.050109088158987326,0.007085895889327939,0.056594123393880875
903,9090.0,0.07535405757291234,0.050107457380073696,0.007163079899708627,0.05632406929646798
904,9100.0,0.07567614123791044,0.04996493316024273,0.007111801137988835,0.056224391978768294
905,9110.0,0.07532694404477024,0.04988875605216968,0.007223016967848523,0.05685789331971916
906,9120.0,0.07569982640074577,0.04990861806541735,0.00713704605010417,0.056805515247725834
907,9130.0,0.07493475723626522,0.049974290851706564,0.007154985387201026,0.056704079018274574
908,9140.0,0.07499853525022512,0.05004798760061763,0.007183256102681256,0.056742715519088646
909,9150.0,0.07499121760698767,0.04975902225899886,0.007138106418937976,0.05667940865644417
910,9160.0,0.07488329659505602,0.04980177624373879,0.007126510262885056,0.05658145042857501
911,9170.0,0.07521857869108749,0.04977892548799944,0.0070354495700961864,0.056649650696856485
912,9180.0,0.07456740813827208,0.04952903511044369,0.007079219403209683,0.056633755225677464
913,9190.0,0.07429145540885501,0.04979115243996707,0.00707010797620945,0.05676555394670201
914,9200.0,0.0744163740544268,0.049705167572501895,0.007163300837550798,0.056445993262359655
915,9210.0,0.07430808648043574,0.049224288886910265,0.007051944237946199,0.056609391508735694
916,9220.0,0.0741407026539607,0.049595561643190664,0.006972088199834596,0.05713842867488983
917,9230.0,0.07431430527001694,0.049349188590680285,0.007062775229127331,0.05709205030961763
918,9240.0,0.07398095520508835,0.04926421592931912,0.0071518953427352535,0.056774420459349856
919,9250.0,0.07400146280816534,0.04963115521186683,0.007010809203426409,0.057007721923207626
920,9260.0,0.07389891358736118,0.049290065488227015,0.007020917630386136,0.05659607426087466
921,9270.0,0.07354915305260563,0.04929057662826665,0.0071458226769499636,0.056920268109998215
922,9280.0,0.07360379570752303,0.049317987919471354,0.007042692881011043,0.056587599864583296
923,9290.0,0.073563093868735,0.049123241171460344,0.007105128989162558,0.057045252497526316
924,9300.0,0.07346980054405787,0.04950010064008228,0.007092506090874266,0.05691261047050477
925,9310.0,0.07352776749153084,0.04950266082114702,0.006937713837936891,0.05695797610815641
926,9320.0,0.07313307230794117,0.049306038664891715,0.006978014193121507,0.057092348573831116
927,9330.0,0.07310198024877819,0.04912792020820698,0.006957670270520136,0.05671405675267448
928,9340.0,0.07296363931576892,0.049132685713006254,0.0069842983810966255,0.05688276581884663
929,9350.0,0.07296933660229968,0.048904103643156116,0.006955144202538899,0.056758750894666116
930,9360.0,0.07293870164456744,0.04901274907910958,0.007026816470355208,0.056910063087844444
931,9370.0,0.07287746349918606,0.04897291928077964,0.007033868830932361,0.05702771135437311
932,9380.0,0.07270381437272783,0.04866027973985824,0.007018859703808112,0.056851468209943745
933,9390.0,0.07264201502880806,0.049034170037581634,0.007020693633265878,0.05694088676184107
934,9400.0,0.07221503793960654,0.04871929797035389,0.006932815993128098,0.05705892839589735
935,9410.0,0.07251215786528169,0.04879223453918214,0.006987966768240285,0.05705167248796453
936,9420.0,0.07231366029895919,0.04850285475527376,0.007075789108683984,0.05726199691803982
937,9430.0,0.07228958880650979,0.04878124221037708,0.007013088915562456,0.056888716670343537
938,9440.0,0.07210385363756629,0.04857706744432429,0.0069017068733929435,0.05690654677750048
939,9450.0,0.07191435410680964,0.04853602921968158,0.007005034433255299,0.05713618466090708
940,9460.0,0.07197010981799033,0.04866274702561964,0.006942481891161364,0.05673587392992939
941,9470.0,0.07165909144741073,0.04830623017368601,0.007059458269867717,0.05693784483175872
942,9480.0,0.0712256190062066,0.048614048581298315,0.0070216197741046656,0.05748894443482362
943,9490.0,0.07115405530313997,0.04848663485173412,0.006983125127651487,0.057008586437778105
944,9500.0,0.07188903753392481,0.04843048140094548,0.006754377306874215,0.057193075528214926
945,9510.0,0.07125223039301284,0.048374412392822995,0.00699849087553522,0.05713064643050854
946,9520.0,0.07146005459136874,0.04821028500723751,0.00703223926599186,0.05724459662549164
947,9530.0,0.07138420767804757,0.04808898771000605,0.006861128340301105,0.056813074945432265
948,9540.0,0.07138839591257179,0.04819365998617809,0.006857398962928605,0.057046054288143896
949,9550.0,0.07090754824898425,0.04805219948832055,0.0068867081392279044,0.05710127250426462
950,9560.0,0.07105340939461122,0.04781736743960005,0.006807917908925061,0.0571031049730266
951,9570.0,0.07073664634669638,0.04814933524320895,0.006841628560947754,0.056999476515188954
952,9580.0,0.07095326531047175,0.04785303766761943,0.0068676209662756685,0.05696337353518291
953,9590.0,0.07103707006156264,0.04813926470883069,0.006799021442965531,0.05719443530483487
954,9600.0,0.07058199351431924,0.048319085026633686,0.0068119585702337525,0.056935930522009494
955,9610.0,0.07043145024631517,0.048032923150949584,0.006835838948155735,0.057003909455294974
956,9620.0,0.07026046742666707,0.04790548488488787,0.0068395888975858465,0.057329221945284524
957,9630.0,0.0702098583351874,0.04777359516500996,0.006801383014122539,0.057175537882508565
958,9640.0,0.07022849122088237,0.04767031223148762,0.006879504239072904,0.05701765877888312
959,9650.0,0.07028478175672198,0.04778757268412972,0.0068319616743392824,0.057409020589389306
960,9660.0,0.07001505237078633,0.047739677844922515,0.006786291816060061,0.05731170056078501
961,9670.0,0.06949889691729762,0.04772191413822047,0.0067999522083405685,0.05736284207712004
962,9680.0,0.07012798043368712,0.04736718130632609,0.006852040243624922,0.057194284727027644
963,9690.0,0.06937878203115962,0.04747660746929399,0.006860199825278249,0.05714834750718153
964,9700.0,0.0694762515812726,0.04734064944825501,0.006716037652856352,0.057350433889559856
965,9710.0,0.06946854016065149,0.047558310421536375,0.006818285685331739,0.05719989418742689
966,9720.0,0.06903216971030322,0.04721775441758082,0.006837680101052186,0.056933855458783836
967,9730.0,0.06933576822505828,0.047233303900993034,0.006713331349570372,0.05753393533568666
968,9740.0,0.06948042783713174,0.04725405323113219,0.006748431077741264,0.05717708814177217
969,9750.0,0.06912232644470774,0.04726315579310281,0.006724462254458886,0.05695874731272218
970,9760.0,0.06893402455991833,0.04736134003407787,0.006690472614992374,0.05728108904742388
971,9770.0,0.06889559014805041,0.04694113092820229,0.006643466407042232,0.05745435189218702
972,9780.0,0.06866410727038659,0.04745051202421979,0.00676728660225735,0.05739906350617731
973,9790.0,0.06866789085242636,0.04728610547230063,0.00671421668100665,0.057503302082995686
974,9800.0,0.0685705016240619,0.047068725707121714,0.006697823552337541,0.05736795630725792
975,9810.0,0.06843723937054813,0.047034065427050416,0.006771657645126443,0.05740594911322698
976,9820.0,0.06840870279738916,0.046952498650504874,0.006754036339730213,0.05728984799390786
977,9830.0,0.06822770265614937,0.046913228518647376,0.006627422714308904,0.05724711398273655
978,9840.0,0.06797805202325877,0.04706176775582021,0.006664012339207933,0.05726437064714755
979,9850.0,0.06819368543547526,0.04699329727631702,0.00675072405850881,0.057461581244721
980,9860.0,0.06814962487622107,0.046936321104038004,0.006682970871241467,0.05714520755704447
981,9870.0,0.06748361249163456,0.04635995306772234,0.006628694946321363,0.057506306643560975
982,9880.0,0.06812074988499671,0.04681266099440534,0.0066196319558534085,0.05713056820628574
983,9890.0,0.06790982102473984,0.04671332335257275,0.0067159746361682,0.057740441409268616
984,9900.0,0.0675955094072357,0.046526858581217335,0.006636288840832447,0.057515521982254965
985,9910.0,0.06780929089927946,0.046978659677246376,0.006613391866243184,0.05747188773575158
986,9920.0,0.06778439144183286,0.04654107938605407,0.006592366337855296,0.057265685532198705
987,9930.0,0.06725003170730272,0.04660841004608199,0.006564049904960434,0.05741512710805429
988,9940.0,0.06771849536635015,0.04647524749777493,0.006720620654663617,0.05741185297368866
989,9950.0,0.06723290644485357,0.04671888718025497,0.0067369754426309355,0.0574203993300977
990,9960.0,0.0670290069629317,0.04622789619380382,0.006608251264124716,0.057589371080890794
991,9970.0,0.06714341373797958,0.04617633611715702,0.006701188893144093,0.05729928783320234
992,9980.0,0.06722714199068015,0.04636258841987974,0.0065661606081942854,0.05749556877733575
993,9990.0,0.0670805257853877,0.04630114883783652,0.006647019842092181,0.057512005038348045
994,12000.0,0.050725105157344394,0.037500447469743584,0.005349668306800341,0.05793215852365499
995,15000.0,0.03345987371394926,0.025821235790076766,0.0040690293285997785,0.057330343180433306
996,20000.0,0.017892767430568543,0.014021578583719205,0.002659595390965194,0.055955331258565014
